Species_ID,English_Name,Family_Sci,Singing_birds,RemarksBAEA,Bald Eagle,Accipitridae,FALSE,RaptorsBWHA,Broad-winged Hawk,Accipitridae,FALSE,RaptorsFEHA,Ferruginous Hawk,Accipitridae,FALSE,RaptorsNOGO,Northern Goshawk,Accipitridae,FALSE,RaptorsNOHA,Northern Harrier,Accipitridae,FALSE,RaptorsRTHA,Red-tailed Hawk,Accipitridae,FALSE,RaptorsSSHA,Sharp-shinned Hawk,Accipitridae,FALSE,RaptorsSWHA,Swainson's Hawk,Accipitridae,FALSE,RaptorsHOLA,Horned Lark,Alaudidae,TRUE,BEKI,Belted Kingfisher,Alcedinidae,TRUE,AMWI,American Wigeon,Anatidae,FALSE,WaterfowlBAGO,Barrow's Goldeneye,Anatidae,FALSE,WaterfowlBWTE,Blue-winged Teal,Anatidae,FALSE,WaterfowlBUFF,Bufflehead,Anatidae,FALSE,WaterfowlCANG,Canada Goose,Anatidae,FALSE,WaterfowlCANV,Canvasback,Anatidae,FALSE,WaterfowlCITE,Cinnamon Teal,Anatidae,FALSE,WaterfowlCOGO,Common Goldeneye,Anatidae,FALSE,WaterfowlCOME,Common Merganser,Anatidae,FALSE,WaterfowlGADW,Gadwall,Anatidae,FALSE,WaterfowlGRSC,Greater Scaup,Anatidae,FALSE,WaterfowlGWTE,Green-winged Teal,Anatidae,FALSE,WaterfowlHOME,Hooded Merganser,Anatidae,FALSE,WaterfowlLESC,Lesser Scaup,Anatidae,FALSE,WaterfowlMALL,Mallard,Anatidae,FALSE,WaterfowlNOPI,Northern Pintail,Anatidae,FALSE,WaterfowlNSHO,Northern Shoveler,Anatidae,FALSE,WaterfowlREDH,Redhead,Anatidae,FALSE,WaterfowlRNDU,Ring-necked Duck,Anatidae,FALSE,WaterfowlRUDU,Ruddy Duck,Anatidae,FALSE,WaterfowlSNGO,Snow Goose,Anatidae,FALSE,WaterfowlTRUS,Trumpeter Swan,Anatidae,FALSE,WaterfowlTUSW,Tundra Swan,Anatidae,FALSE,WaterfowlWODU,Wood Duck,Anatidae,FALSE,WaterfowlAMBI,American Bittern,Ardeidae,FALSE,ShorebirdsGBHE,Great Blue Heron,Ardeidae,FALSE,ShorebirdsBOWA,Bohemian Waxwing,Bombycillidae,TRUE,CEDW,Cedar Waxwing,Bombycillidae,TRUE,CCLO,Chestnut-collared Longspur,Calcariidae,TRUE,MCLO,McCown's Longspur,Calcariidae,TRUE,SNBU,Snow Bunting,Calcariidae,TRUE,CONI,Common Nighthawk,Caprimulgidae,FALSE,"Nightjars, nocturnal"BHGR,Black-headed Grosbeak,Cardinalidae,TRUE,NOCA,Northern Cardinal,Cardinalidae,TRUE,RBGR,Rose-breasted Grosbeak,Cardinalidae,TRUE,WETA,Western Tanager,Cardinalidae,TRUE,TUVU,Turkey Vulture,Cathartidae,FALSE,RaptorsBRCR,Brown Creeper,Certhiidae,TRUE,AMGP,American Golden-Plover,Charadriidae,TRUE,KILL,Killdeer,Charadriidae,TRUE,SEPL,Semipalmated Plover,Charadriidae,TRUE,MODO,Mourning Dove,Columbidae,TRUE,ROPI,Rock Pigeon,Columbidae,TRUE,AMCR,American Crow,Corvidae,TRUE,BBMA,Black-billed Magpie,Corvidae,TRUE,BLJA,Blue Jay,Corvidae,TRUE,CORA,Common Raven,Corvidae,TRUE,GRAJ,Gray Jay,Corvidae,TRUE,ATSP,American Tree Sparrow,Emberizidae,TRUE,BAIS,Baird's Sparrow,Emberizidae,TRUE,BRSP,Brewer's Sparrow,Emberizidae,TRUE,CHSP,Chipping Sparrow,Emberizidae,TRUE,CCSP,Clay-colored Sparrow,Emberizidae,TRUE,DEJU,Dark-eyed Junco,Emberizidae,TRUE,FOSP,Fox Sparrow,Emberizidae,TRUE,GRSP,Grasshopper Sparrow,Emberizidae,TRUE,LARB,Lark Bunting,Emberizidae,TRUE,LASP,Lark Sparrow,Emberizidae,TRUE,LCSP,Le Conte's Sparrow,Emberizidae,TRUE,LISP,Lincoln's Sparrow,Emberizidae,TRUE,NESP,Nelson's Sparrow,Emberizidae,TRUE,SAVS,Savannah Sparrow,Emberizidae,TRUE,SOSP,Song Sparrow,Emberizidae,TRUE,SPTO,Spotted Towhee,Emberizidae,TRUE,SWSP,Swamp Sparrow,Emberizidae,TRUE,VESP,Vesper Sparrow,Emberizidae,TRUE,WCSP,White-crowned Sparrow,Emberizidae,TRUE,WTSP,White-throated Sparrow,Emberizidae,TRUE,AMKE,American Kestrel,Falconidae,FALSE,RaptorsMERL,Merlin,Falconidae,FALSE,RaptorsAMGO,American Goldfinch,Fringillidae,TRUE,CORE,Common Redpoll,Fringillidae,TRUE,EVGR,Evening Grosbeak,Fringillidae,TRUE,GCRF,Gray-crowned Rosy-Finch,Fringillidae,TRUE,HOFI,House Finch,Fringillidae,TRUE,PIGR,Pine Grosbeak,Fringillidae,TRUE,PISI,Pine Siskin,Fringillidae,TRUE,PUFI,Purple Finch,Fringillidae,TRUE,RECR,Red Crossbill,Fringillidae,TRUE,WWCR,White-winged Crossbill,Fringillidae,TRUE,COLO,Common Loon,Gaviidae,FALSE,WaterfowlSACR,Sandhill Crane,Gruidae,FALSE,ShorebirdsBANS,Bank Swallow,Hirundinidae,TRUE,BARS,Barn Swallow,Hirundinidae,TRUE,CLSW,Cliff Swallow,Hirundinidae,TRUE,NRWS,Northern Rough-winged Swallow,Hirundinidae,TRUE,PUMA,Purple Martin,Hirundinidae,TRUE,TRES,Tree Swallow,Hirundinidae,TRUE,VGSW,Violet-green Swallow,Hirundinidae,TRUE,BAOR,Baltimore Oriole,Icteridae,TRUE,BOBO,Bobolink,Icteridae,TRUE,BRBL,Brewer's Blackbird,Icteridae,TRUE,BHCO,Brown-headed Cowbird,Icteridae,TRUE,COGR,Common Grackle,Icteridae,TRUE,RWBL,Red-winged Blackbird,Icteridae,TRUE,RUBL,Rusty Blackbird,Icteridae,TRUE,WEME,Western Meadowlark,Icteridae,TRUE,YHBL,Yellow-headed Blackbird,Icteridae,TRUE,ARTE,Arctic Tern,Laridae,FALSE,ShorebirdsBLTE,Black Tern,Laridae,FALSE,ShorebirdsBOGU,Bonaparte's Gull,Laridae,FALSE,ShorebirdsCAGU,California Gull,Laridae,FALSE,ShorebirdsCOTE,Common Tern,Laridae,FALSE,ShorebirdsFOTE,Forster's Tern,Laridae,FALSE,ShorebirdsFRGU,Franklin's Gull,Laridae,FALSE,ShorebirdsHERG,Herring Gull,Laridae,FALSE,ShorebirdsMEGU,Mew Gull,Laridae,FALSE,ShorebirdsRBGU,Ring-billed Gull,Laridae,FALSE,ShorebirdsBRTH,Brown Thrasher,Mimidae,TRUE,GRCA,Gray Catbird,Mimidae,TRUE,AMPI,American Pipit,Motacillidae,TRUE,SPPI,Sprague's Pipit,Motacillidae,TRUE,CAQU,California Quail,Odontophoridae,TRUE,OSPR,Osprey,Pandionidae,FALSE,RaptorsBCCH,Black-capped Chickadee,Paridae,TRUE,BOCH,Boreal Chickadee,Paridae,TRUE,MOCH,Mountain Chickadee,Paridae,TRUE,AMRE,American Redstart,Parulidae,TRUE,BBWA,Bay-breasted Warbler,Parulidae,TRUE,BAWW,Black-and-white Warbler,Parulidae,TRUE,BLBW,Blackburnian Warbler,Parulidae,TRUE,BLPW,Blackpoll Warbler,Parulidae,TRUE,BTNW,Black-throated Green Warbler,Parulidae,TRUE,CAWA,Canada Warbler,Parulidae,TRUE,CMWA,Cape May Warbler,Parulidae,TRUE,CSWA,Chestnut-sided Warbler,Parulidae,TRUE,COYE,Common Yellowthroat,Parulidae,TRUE,CONW,Connecticut Warbler,Parulidae,TRUE,MAWA,Magnolia Warbler,Parulidae,TRUE,MOWA,Mourning Warbler,Parulidae,TRUE,NAWA,Nashville Warbler,Parulidae,TRUE,NOWA,Northern Waterthrush,Parulidae,TRUE,OCWA,Orange-crowned Warbler,Parulidae,TRUE,OVEN,Ovenbird,Parulidae,TRUE,PAWA,Palm Warbler,Parulidae,TRUE,TEWA,Tennessee Warbler,Parulidae,TRUE,WIWA,Wilson's Warbler,Parulidae,TRUE,YEWA,Yellow Warbler,Parulidae,TRUE,YRWA,Yellow-rumped Warbler,Parulidae,TRUE,HOSP,House Sparrow,Passeridae,TRUE,AWPE,American White Pelican,Pelecanidae,FALSE,ShorebirdsDCCO,Double-crested Cormorant,Phalacrocoracidae,FALSE,ShorebirdsGRAP,Gray Partridge,Phasianidae,TRUE,Game birdRNEP,Ring-necked Pheasant,Phasianidae,TRUE,Game birdRUGR,Ruffed Grouse,Phasianidae,TRUE,STGR,Sharp-tailed Grouse,Phasianidae,TRUE,SPGR,Spruce Grouse,Phasianidae,TRUE,ATTW,American Three-toed Woodpecker,Picidae,TRUE,BBWO,Black-backed Woodpecker,Picidae,TRUE,DOWO,Downy Woodpecker,Picidae,TRUE,HAWO,Hairy Woodpecker,Picidae,TRUE,NOFL,Northern Flicker,Picidae,TRUE,PIWO,Pileated Woodpecker,Picidae,TRUE,RNSA,Red-naped Sapsucker,Picidae,TRUE,YBSA,Yellow-bellied Sapsucker,Picidae,TRUE,EAGR,Eared Grebe,Podicipedidae,FALSE,WaterfowlHOGR,Horned Grebe,Podicipedidae,FALSE,WaterfowlPBGR,Pied-billed Grebe,Podicipedidae,FALSE,WaterfowlRNGR,Red-necked Grebe,Podicipedidae,FALSE,WaterfowlWEGR,Western Grebe,Podicipedidae,FALSE,WaterfowlAMCO,American Coot,Rallidae,FALSE,ShorebirdsSORA,Sora,Rallidae,FALSE,ShorebirdsVIRA,Virginia Rail,Rallidae,FALSE,ShorebirdsYERA,Yellow Rail,Rallidae,FALSE,"Shorebirds, nocturnal"AMAV,American Avocet,Recurvirostridae,FALSE,ShorebirdsBNST,Black-necked Stilt,Recurvirostridae,FALSE,ShorebirdsGCKI,Golden-crowned Kinglet,Regulidae,TRUE,RCKI,Ruby-crowned Kinglet,Regulidae,TRUE,GRYE,Greater Yellowlegs,Scolopacidae,TRUE,LEYE,Lesser Yellowlegs,Scolopacidae,TRUE,LBCU,Long-billed Curlew,Scolopacidae,TRUE,MAGO,Marbled Godwit,Scolopacidae,TRUE,RNPH,Red-necked Phalarope,Scolopacidae,TRUE,SBDO,Short-billed Dowitcher,Scolopacidae,TRUE,SOSA,Solitary Sandpiper,Scolopacidae,TRUE,SPSA,Spotted Sandpiper,Scolopacidae,TRUE,UPSA,Upland Sandpiper,Scolopacidae,TRUE,WILL,Willet,Scolopacidae,TRUE,WIPH,Wilson's Phalarope,Scolopacidae,TRUE,WISN,Wilson's Snipe,Scolopacidae,TRUE,RBNU,Red-breasted Nuthatch,Sittidae,TRUE,WBNU,White-breasted Nuthatch,Sittidae,TRUE,BADO,Barred Owl,Strigidae,FALSE,"Owls, nocturnal"BOOW,Boreal Owl,Strigidae,FALSE,"Owls, nocturnal"GGOW,Great Gray Owl,Strigidae,FALSE,"Owls, nocturnal"GHOW,Great Horned Owl,Strigidae,FALSE,"Owls, nocturnal"LEOW,Long-eared Owl,Strigidae,FALSE,"Owls, nocturnal"NHOW,Northern Hawk Owl,Strigidae,FALSE,"Owls, nocturnal"NOPO,Northern Pygmy-Owl,Strigidae,FALSE,"Owls, nocturnal"SEOW,Short-eared Owl,Strigidae,FALSE,"Owls, nocturnal"EUST,European Starling,Sturnidae,TRUE,RTHU,Ruby-throated Hummingbird,Trochilidae,TRUE,HOWR,House Wren,Troglodytidae,TRUE,MAWR,Marsh Wren,Troglodytidae,TRUE,ROWR,Rock Wren,Troglodytidae,TRUE,SEWR,Sedge Wren,Troglodytidae,TRUE,WIWR,Winter Wren,Troglodytidae,TRUE,AMRO,American Robin,Turdidae,TRUE,EABL,Eastern Bluebird,Turdidae,TRUE,HETH,Hermit Thrush,Turdidae,TRUE,MOBL,Mountain Bluebird,Turdidae,TRUE,SWTH,Swainson's Thrush,Turdidae,TRUE,TOSO,Townsend's Solitaire,Turdidae,TRUE,VATH,Varied Thrush,Turdidae,TRUE,VEER,Veery,Turdidae,TRUE,ALFL,Alder Flycatcher,Tyrannidae,TRUE,COFL,Cordilleran Flycatcher,Tyrannidae,TRUE,DUFL,Dusky Flycatcher,Tyrannidae,TRUE,EAKI,Eastern Kingbird,Tyrannidae,TRUE,EAPH,Eastern Phoebe,Tyrannidae,TRUE,EAWP,Eastern Wood-Pewee,Tyrannidae,TRUE,HAFL,Hammond's Flycatcher,Tyrannidae,TRUE,LEFL,Least Flycatcher,Tyrannidae,TRUE,OSFL,Olive-sided Flycatcher,Tyrannidae,TRUE,SAPH,Say's Phoebe,Tyrannidae,TRUE,WEKI,Western Kingbird,Tyrannidae,TRUE,WEWP,Western Wood-Pewee,Tyrannidae,TRUE,WIFL,Willow Flycatcher,Tyrannidae,TRUE,YBFL,Yellow-bellied Flycatcher,Tyrannidae,TRUE,BHVI,Blue-headed Vireo,Vireonidae,TRUE,PHVI,Philadelphia Vireo,Vireonidae,TRUE,REVI,Red-eyed Vireo,Vireonidae,TRUE,WAVI,Warbling Vireo,Vireonidae,TRUE,