Nature.Serve,Class,Order,Family,Scientific.Name,Common.Name,ABMI.Code,AOU.Code,TSNID,in.tax.workb,In.Gillians.File,Alberta.Status,Use.In.Guilds,Native.to:S,Native.to:B,Native.to:M,Native.to:F,Native.to:P,Native.to:G,General.Habitat.Category:Forest,General.Habitat.Category:Grassland,General.Habitat.Category:Alpine,General.Habitat.Category:Bog,General.Habitat.Category:WetAq,General.Habitat.Category:Generalist,General.Habitat.Category:Exotic,Forest.Types:Old,Forest.Types:Obligate.Old.Forest,Forest.Types:Burn_BigDeadTrees,Forest.Types:Young,Forest.Types:Interior,Forest.Types:Edge,Forest.Types:Cavity,Wetland.Types:Wet_NestTerrOrWet,Wetland.Types:Aq_NestTerrOrWet,Migratory.Types:NeoMigrants,Migratory.Types:ShortDistance,Migratory.Types:WintResident,CanyonsCliffsRiverBanksAndRockyOutcrops,Riparian,Human.Associated,Irruptive,Engeneers,Carnivore,Game,OfManagementConcern,HighAB.Responsibility
AAAAA01080,Amphibian,CAUDATA,AMBYSTOMATIDAE,Ambystoma macrodactylum,Long-toed Salamander,LTSA,LTSA,173601,FALSE,FALSE,Sensitive,Yes,,,1,,,,,,,,1,,,,,,,,,,1,,,,1,,1,,,,,,1,
AAAAA01140,Amphibian,CAUDATA,AMBYSTOMATIDAE,Ambystoma tigrinum,Tiger Salamander,TISA,TISA,173592,TRUE,FALSE,Secure,Yes,,9,9,,1,1,,,,,1,,,,,,,,,,1,,,,1,,1,,,,,,,
AAABA01010,Amphibian,ANURA,ASCAPHIDAE,Ascaphus truei,Tailed Frog,TAFR,TAFR,173546,FALSE,FALSE,N Edge of Range Undetirmined,Yes,,,9,,,,,,,,1,,,,,,,,,,1,,,,1,,1,,,,,,,
AAABB01030,Amphibian,ANURA,BUFONIDAE,Bufo boreas,Western Toad,WETO,WETO,173482,TRUE,FALSE,Sensitive,Yes,,1,1,1,1,9,,,,,1,,,,,,,,,,1,,,,1,,1,,,,,,1,1
AAABB01050,Amphibian,ANURA,BUFONIDAE,Bufo cognatus,Great Plains Toad,GPTO,GPTO,173484,FALSE,FALSE,May Be At Risk,Yes,,,,,,1,,,,,1,,,,,,,,,,1,,,,1,,1,,,,,,1,
AAABB01080,Amphibian,ANURA,BUFONIDAE,Bufo hemiophrys,Canadian Toad,CATO,CATO,173487,TRUE,FALSE,May Be At Risk,Yes,1,1,9,9,1,1,,,,,1,,,,,,,,,,1,,,,1,,1,,,,,,1,1
AAABC05070,Amphibian,ANURA,HYLIDAE,Pseudacris triseriata,Boreal Chorus Frog,BCFR,BCFR,173525,TRUE,FALSE,Secure,Yes,1,1,9,1,1,1,,,,,1,,,,,,,,,,1,,,,1,,1,,,,,,,
AAABF02010,Amphibian,ANURA,PELOBATIDAE,Spea bombifrons,Plains Spadefoot Toad,PLSP,PLSP,206989,FALSE,FALSE,May Be At Risk,Yes,,,,,,1,,,,,1,,,,,,,,,,1,,,,1,,1,,,,,,1,
AAABH01170,Amphibian,ANURA,RANIDAE,Rana pipiens,Northern Leopard Frog,NLFR,NLFR,173443,TRUE,FALSE,At Risk,Yes,,9,,9,1,1,,,,,1,,,,,,,,,,1,,,,1,,1,,,,,,1,
AAABH01200,Amphibian,ANURA,RANIDAE,Rana sylvatica,Wood Frog,WOFR,WOFR,173440,TRUE,FALSE,Secure,Yes,1,1,1,1,1,9,,,,,1,,,,,,,,,,1,,,,1,,1,,,,,,,
AAABH01290,Amphibian,ANURA,RANIDAE,Rana luteiventris,Columbia Spotted Frog,SPFR,SPFR,550546,FALSE,FALSE,Sensitive,Yes,,,1,,,,,,,,1,,,,,,,,,,1,,,,1,,1,,,,,,1,
ABNBA01010,Bird,GAVIIFORMES,GAVIIDAE,Gavia stellata,Red-throated Loon,RTLO,RTLO,174474,FALSE,FALSE,Secure,Yes,,9,,,,,,,,,1,,,,,,,,,,,1,,1,,,,,,,1,,,
ABNBA01020,Bird,GAVIIFORMES,GAVIIDAE,Gavia arctica,Arctic Loon,ARLO,ARLO,174471,FALSE,FALSE,Accidental/Vagrant NAmer,No,,,,,,,,,,,,,,,,,,,,,,,,,,,,,,,,,,
ABNBA01030,Bird,GAVIIFORMES,GAVIIDAE,Gavia immer,Common Loon,COLO,COLO,174469,TRUE,TRUE,Secure,Yes,1,1,1,1,1,9,,,,,1,,,,,,,,,,,1,,1,,,,,,,1,,,
ABNBA01040,Bird,GAVIIFORMES,GAVIIDAE,Gavia adamsii,Yellow-billed Loon,YBLO,YBLO,174470,FALSE,FALSE,Accidental/Vagrant NAmer,No,,,,,,,,,,,,,,,,,,,,,,,,,,,,,,,,,,
ABNBA01050,Bird,GAVIIFORMES,GAVIIDAE,Gavia pacifica,Pacific Loon,PALO,PALO,174475,FALSE,FALSE,Secure,Yes,,,,,,,,,,,1,,,,,,,,,,,1,,1,,,,,,,1,,,1
ABNCA02010,Bird,PODICIPEDIFORMES,PODICIPEDIDAE,Podilymbus podiceps,Pied-billed Grebe,PBGR,PBGR,174505,TRUE,TRUE,Sensitive,Yes,1,1,1,1,1,1,,,,,1,,,,,,,,,,1,,1,,,,1,,,,,,1,
ABNCA03010,Bird,PODICIPEDIFORMES,PODICIPEDIDAE,Podiceps auritus,Horned Grebe,HOGR,HOGR,174482,TRUE,FALSE,Sensitive,Yes,1,1,9,9,1,1,,,,,1,,,,,,,,,,1,,,1,,,1,,,,,,1,1
ABNCA03020,Bird,PODICIPEDIFORMES,PODICIPEDIDAE,Podiceps grisegena,Red-necked Grebe,RNGR,RNGR,174479,TRUE,TRUE,Secure,Yes,1,1,1,1,1,1,,,,,1,,,,,,,,,,1,,,1,,,1,,,,,,,1
ABNCA03030,Bird,PODICIPEDIFORMES,PODICIPEDIDAE,Podiceps nigricollis,Eared Grebe,EAGR,EAGR,174485,TRUE,TRUE,Secure,Yes,,1,,9,1,1,,,,,1,,,,,,,,,,1,,,1,,,1,,,,,,,1
ABNCA04010,Bird,PODICIPEDIFORMES,PODICIPEDIDAE,Aechmophorus occidentalis,Western Grebe,WEGR,WEGR,174503,TRUE,TRUE,Sensitive,Yes,,1,,,1,1,,,,,1,,,,,,,,,,,1,,1,,,,,,,1,,1,1
ABNCA04020,Bird,PODICIPEDIFORMES,PODICIPEDIDAE,Aechmophorus clarkii,Clark's Grebe,CLGR,CLGR,554027,FALSE,FALSE,Sensitive,Yes,,,,,,9,,,,,1,,,,,,,,,,,1,1,,,,,,,,1,,1,
ABNFC01010,Bird,PELECANIFORMES,PELECANIDAE,Pelecanus erythrorhynchos,American White Pelican,AWPE,AWPE,174684,TRUE,TRUE,Sensitive,Yes,,1,,,1,1,,,,,1,,,,,,,,,,,1,,1,,,,,,,1,,1,1
ABNFD01020,Bird,PELECANIFORMES,PHALACROCORACIDAE,Phalacrocorax auritus,Double-crested Cormorant,DCCO,DCCO,174717,TRUE,TRUE,Secure,Yes,,1,,9,1,1,,,,,1,,,,,,,,,,,1,,1,,,,,,,1,,,1
ABNGA01020,Bird,CICONIIFORMES,ARDEIDAE,Botaurus lentiginosus,American Bittern,AMBI,AMBI,174856,TRUE,TRUE,Sensitive,Yes,1,1,9,9,1,1,,,,,1,,,,,,,,,,1,,,1,,,1,,,,1,,1,
ABNGA04010,Bird,CICONIIFORMES,ARDEIDAE,Ardea herodias,Great Blue Heron,GBHE,GBHE,174773,TRUE,TRUE,Sensitive,Yes,,1,1,1,1,1,,,,,1,,,,,,,,,,1,,,1,,,1,,,,1,,1,
ABNGA04040,Bird,CICONIIFORMES,ARDEIDAE,Casmerodius albus,Great Egret,GREG,GREG,174810,FALSE,FALSE,Accidental/Vagrant NAmer,No,,,,,,,,,,,,,,,,,,,,,,,,,,,,,,,,,,
ABNGA06030,Bird,CICONIIFORMES,ARDEIDAE,Egretta thula,Snowy Egret,SNEG,SNEG,174813,FALSE,FALSE,Accidental/Vagrant NAmer,No,,,,,,,,,,,,,,,,,,,,,,,,,,,,,,,,,,
ABNGA06040,Bird,CICONIIFORMES,ARDEIDAE,Egretta caerulea,Little Blue Heron,LBHE,LBHE,174827,FALSE,FALSE,Accidental/Vagrant NAmer,No,,,,,,,,,,,,,,,,,,,,,,,,,,,,,,,,,,
ABNGA06050,Bird,CICONIIFORMES,ARDEIDAE,Egretta tricolor,Tricolored Heron,TRHE,TRHE,174826,FALSE,FALSE,Accidental/Vagrant NAmer,No,,,,,,,,,,,,,,,,,,,,,,,,,,,,,,,,,,
ABNGA07010,Bird,CICONIIFORMES,ARDEIDAE,Bubulcus ibis,Cattle Egret,CAEG,CAEG,174803,FALSE,FALSE,Accidental/Vagrant NAmer,No,,,,,,,,,,,,,,,,,,,,,,,,,,,,,,,,,,
ABNGA08010,Bird,CICONIIFORMES,ARDEIDAE,Butorides virescens,Green Heron,GRHE,GRHE,174793,FALSE,FALSE,Accidental/Vagrant NAmer,No,,,,,,,,,,,,,,,,,,,,,,,,,,,,,,,,,,
ABNGA11010,Bird,CICONIIFORMES,ARDEIDAE,Nycticorax nycticorax,Black-crowned Night Heron,BCNH,BCNH,174832,TRUE,FALSE,Sensitive,Yes,,9,,,1,1,,,,,1,,,,,,,,,,1,,1,,,,1,,,,1,,1,
ABNGA13010,Bird,CICONIIFORMES,ARDEIDAE,Nyctanassa violacea,Yellow-crowned Night-Heron,YCNH,YCNH,174842,FALSE,FALSE,Accidental/Vagrant NAmer,No,,,,,,,,,,,,,,,,,,,,,,,,,,,,,,,,,,
ABNGE02020,Bird,CICONIIFORMES,THRESKIORNITHIDAE,Plegadis chihi,White-faced Ibis,WFIB,WFIB,174926,TRUE,FALSE,Sensitive,Yes,,,,,,9,,,,,1,,,,,,,,,,1,,1,,,,1,,,,,,1,
ABNJB01010,Bird,ANSERIFORMES,ANATIDAE,Dendrocygna bicolor,Fulvous Whistling-Duck,FUWD,FUWD,175046,FALSE,FALSE,Accidental/Vagrant NAmer,No,,,,,,,,,,,,,,,,,,,,,,,,,,,,,,,,,,
ABNJB02010,Bird,ANSERIFORMES,ANATIDAE,Cygnus columbianus,Tundra Swan,TUSW,TUSW,174987,TRUE,TRUE,Secure Migrant,Migrant,,,,,,,,,,,,,,,,,,,,,,,,1,,,,,,,,,,
ABNJB02030,Bird,ANSERIFORMES,ANATIDAE,Cygnus buccinator,Trumpeter Swan,TRUS,TRUS,174992,TRUE,FALSE,At Risk,Yes,,1,9,9,1,,,,,,1,,,,,,,,,,1,,,1,,,1,,,,,,1,
ABNJB03040,Bird,ANSERIFORMES,ANATIDAE,Anser albifrons,Greater White-fronted Goose,GWFG,GWFG,175020,FALSE,FALSE,Secure Migrant,Migrant,,,,,,,,,,,,,,,,,,,,,,,,1,,,,,,,,,,
ABNJB04010,Bird,ANSERIFORMES,ANATIDAE,Chen caerulescens,Snow Goose,SNGO,SNGO,175038,TRUE,FALSE,Secure Migrant,Migrant,,,,,,,,,,,,,,,,,,,,,,,,1,,,,,,,,,,
ABNJB04020,Bird,ANSERIFORMES,ANATIDAE,Chen rossii,Ross's Goose,ROGO,ROGO,175041,FALSE,FALSE,Secure Migrant,Migrant,,,,,,,,,,,,,,,,,,,,,,,,1,,,,,,,,,,
ABNJB05010,Bird,ANSERIFORMES,ANATIDAE,Branta bernicla,Brant,BRAN,BRAN,175011,FALSE,FALSE,Accidental/Vagrant NAmer,No,,,,,,,,,,,,,,,,,,,,,,,,,,,,,,,,,,
ABNJB05030,Bird,ANSERIFORMES,ANATIDAE,Branta canadensis,Canada Goose,CAGO,CANG,174999,TRUE,TRUE,Secure,Yes,1,1,1,1,1,1,,,,,1,,,,,,,,,,1,,,1,,,1,,,,,1,,
ABNJB09010,Bird,ANSERIFORMES,ANATIDAE,Aix sponsa,Wood Duck,WODU,WODU,175122,TRUE,FALSE,Exotic/Alien NAmer,Yes,,,9,9,9,9,,,,,,,9,,,,,,,1,,,,1,,,1,,,,,1,,
ABNJB10010,Bird,ANSERIFORMES,ANATIDAE,Anas crecca,Green-winged Teal,GWTE,GWTE,175081,TRUE,TRUE,Secure,Yes,1,1,1,1,1,1,,,,,1,,,,,,,,,,1,,,1,,,1,,,,,1,,
ABNJB10040,Bird,ANSERIFORMES,ANATIDAE,Anas rubripes,American Black Duck,ABDU,ABDU,175068,FALSE,FALSE,Accidental/Vagrant NAmer,No,,,,,,,,,,,,,,,,,,,,,,,,,,,,,,,,,,
ABNJB10060,Bird,ANSERIFORMES,ANATIDAE,Anas platyrhynchos,Mallard,MALL,MALL,175063,TRUE,TRUE,Secure,Yes,1,1,1,1,1,1,,,,,1,,,,,,,,,,1,,,1,,,1,1,,,,1,,
ABNJB10110,Bird,ANSERIFORMES,ANATIDAE,Anas acuta,Northern Pintail,NOPI,NOPI,175074,TRUE,TRUE,Secure,Yes,1,1,1,1,1,1,,,,,1,,,,,,,,,,1,,,1,,,1,,,,,1,,
ABNJB10120,Bird,ANSERIFORMES,ANATIDAE,Anas querquedula,Garganey,GARG,GARG,175093,FALSE,FALSE,Accidental/Vagrant EurAsia,No,,,,,,,,,,,,,,,,,,,,,,,,,,,,,,,,,,
ABNJB10130,Bird,ANSERIFORMES,ANATIDAE,Anas discors,Blue-winged Teal,BWTE,BWTE,175086,TRUE,TRUE,Secure,Yes,1,1,1,1,1,1,,,,,1,,,,,,,,,,1,,1,,,,1,,,,,1,,
ABNJB10140,Bird,ANSERIFORMES,ANATIDAE,Anas cyanoptera,Cinnamon Teal,CITE,CITE,175089,TRUE,FALSE,Secure,Yes,,1,9,9,1,1,,,,,1,,,,,,,,,,1,,1,,,,1,,,,,1,,
ABNJB10150,Bird,ANSERIFORMES,ANATIDAE,Anas clypeata,Northern Shoveler,NSHO,NSHO,175096,TRUE,TRUE,Secure,Yes,1,1,9,1,1,1,,,,,1,,,,,,,,,,1,,,1,,,1,,,,,1,,1
ABNJB10160,Bird,ANSERIFORMES,ANATIDAE,Anas strepera,Gadwall,GADW,GADW,175073,TRUE,TRUE,Secure,Yes,9,1,9,9,1,1,,,,,1,,,,,,,,,,1,,,1,,,1,,,,,1,,
ABNJB10170,Bird,ANSERIFORMES,ANATIDAE,Anas penelope,Eurasian Wigeon,EUWI,EUWI,175092,FALSE,FALSE,Exotic/Alien EurAsia,Yes,,,,,,,,,,,,,1,,,,,,,,,,,1,,,1,,,,,1,,
ABNJB10180,Bird,ANSERIFORMES,ANATIDAE,Anas americana,American Wigeon,AMWI,AMWI,175094,TRUE,TRUE,Secure,Yes,1,1,9,1,1,1,,,,,1,,,,,,,,,,1,,,1,,,1,,,,,1,,
ABNJB11020,Bird,ANSERIFORMES,ANATIDAE,Aythya valisineria,Canvasback,CANV,CANV,175129,TRUE,TRUE,Secure,Yes,9,1,9,9,1,1,,,,,1,,,,,,,,,,1,,,1,,,1,,,,,1,,
ABNJB11030,Bird,ANSERIFORMES,ANATIDAE,Aythya americana,Redhead,REDH,REDH,175125,TRUE,TRUE,Secure,Yes,9,1,9,9,1,1,,,,,1,,,,,,,,,,1,,,1,,,1,,,,,1,,1
ABNJB11040,Bird,ANSERIFORMES,ANATIDAE,Aythya collaris,Ring-necked Duck,RNDU,RNDU,175128,TRUE,TRUE,Secure,Yes,1,1,1,1,1,9,,,,,1,,,,,,,,,,1,,,1,,,1,,,,,1,,
ABNJB11050,Bird,ANSERIFORMES,ANATIDAE,Aythya fuligula,Tufted Duck,TUDU,TUDU,175135,FALSE,FALSE,Accidental/Vagrant EurAsia,No,,,,,,,,,,,,,,,,,,,,,,,,,,,,,,,,,,
ABNJB11060,Bird,ANSERIFORMES,ANATIDAE,Aythya marila,Greater Scaup,GRSC,GRSC,175130,TRUE,TRUE,Secure Migrant,Migrant,,,,,,,,,,,,,,,,,,,,,,,,1,,,,,,,,,,
ABNJB11070,Bird,ANSERIFORMES,ANATIDAE,Aythya affinis,Lesser Scaup,LESC,LESC,175134,TRUE,TRUE,Secure,Yes,1,1,1,1,1,1,,,,,1,,,,,,,,,,1,,,1,,,1,,,,,1,,
ABNJB12010,Bird,ANSERIFORMES,ANATIDAE,Somateria mollissima,Common Eider,COEI,COEI,175155,FALSE,FALSE,Accidental/Vagrant NAmer,No,,,,,,,,,,,,,,,,,,,,,,,,,,,,,,,,,,
ABNJB12020,Bird,ANSERIFORMES,ANATIDAE,Somateria spectabilis,King Eider,KIEI,KIEI,175160,FALSE,FALSE,Accidental/Vagrant NAmer,No,,,,,,,,,,,,,,,,,,,,,,,,,,,,,,,,,,
ABNJB15010,Bird,ANSERIFORMES,ANATIDAE,Histrionicus histrionicus,Harlequin Duck,HARD,HARD,175149,FALSE,FALSE,Sensitive,Yes,,,1,9,,,,,,,1,,,,,,,,,,1,,,1,,,1,,,,,,1,
ABNJB16010,Bird,ANSERIFORMES,ANATIDAE,Clangula hyemalis,Long-tailed Duck (Oldsquaw),LTDU,LTDU,175147,TRUE,FALSE,Secure Migrant,Migrant,,,,,,,,,,,,,,,,,,,,,,,,1,,,,,,,,,,
ABNJB17010,Bird,ANSERIFORMES,ANATIDAE,Melanitta nigra,Black Scoter,BLSC,BLSC,175171,FALSE,FALSE,Accidental/Vagrant NAmer,No,,,,,,,,,,,,,,,,,,,,,,,,,,,,,,,,,,
ABNJB17020,Bird,ANSERIFORMES,ANATIDAE,Melanitta perspicillata,Surf Scoter,SUSC,SUSC,175170,TRUE,TRUE,Secure,Yes,9,9,,,,,,,,,1,,,,,,,,,,,1,,1,,,,,,,,1,,
ABNJB17030,Bird,ANSERIFORMES,ANATIDAE,Melanitta fusca,White-winged Scoter,WWSC,WWSC,175163,FALSE,FALSE,Sensitive,Yes,1,1,,9,1,1,,,,,1,,,,,,,,,,,1,,1,,,,,,,,1,1,1
ABNJB18010,Bird,ANSERIFORMES,ANATIDAE,Bucephala clangula,Common Goldeneye,COGO,COGO,175141,TRUE,TRUE,Secure,Yes,1,1,1,1,1,9,,,,,1,,,,,,,,,1,,1,,1,,,,,,,,1,,
ABNJB18020,Bird,ANSERIFORMES,ANATIDAE,Bucephala islandica,Barrow's Goldeneye,BAGO,BAGO,175144,TRUE,TRUE,Secure,Yes,,9,1,1,9,,,,,,1,,,,,,,,,1,,1,,1,,,,,,,,1,,
ABNJB18030,Bird,ANSERIFORMES,ANATIDAE,Bucephala albeola,Bufflehead,BUFF,BUFF,175145,TRUE,TRUE,Secure,Yes,1,1,1,1,1,1,,,,,1,,,,,,,,,1,,1,,1,,,,,,,,1,,1
ABNJB20010,Bird,ANSERIFORMES,ANATIDAE,Lophodytes cucullatus,Hooded Merganser,HOME,HOME,175183,TRUE,TRUE,Secure,Yes,,9,9,9,,,,,,,1,,,,,,,,,1,,1,,1,,,,,,,1,1,,
ABNJB21010,Bird,ANSERIFORMES,ANATIDAE,Mergus merganser,Common Merganser,COME,COME,175185,TRUE,FALSE,Secure,Yes,1,1,1,1,1,1,,,,,1,,,,,,,,,1,,1,,1,,,,,,,1,1,,
ABNJB21020,Bird,ANSERIFORMES,ANATIDAE,Mergus serrator,Red-breasted Merganser,RBME,RBME,175187,FALSE,FALSE,Secure,Yes,1,1,,9,9,,,,,,1,,,,,,,,,,,1,,1,,,,,,,1,1,,
ABNJB22010,Bird,ANSERIFORMES,ANATIDAE,Oxyura jamaicensis,Ruddy Duck,RUDU,RUDU,175175,TRUE,TRUE,Secure,Yes,1,1,9,9,1,1,,,,,1,,,,,,,,,1,1,,,1,,,1,,,,,1,,
ABNKA02010,Bird,CICONIIFORMES,CATHARTIDAE,Cathartes aura,Turkey Vulture,TUVU,TUVU,175265,FALSE,FALSE,Secure,Yes,,9,,,1,1,,,,,,1,,,,,,,,,,,1,,,,,,,,1,,,
ABNKC01010,Bird,FALCONIFORMES,ACCIPITRIDAE,Pandion haliaetus,Osprey,OSPR,OSPR,175590,TRUE,TRUE,Sensitive,Yes,1,1,1,1,1,9,,,,,1,,,,,,,,1,,,1,1,,,,,,,,1,,1,
ABNKC10010,Bird,FALCONIFORMES,ACCIPITRIDAE,Haliaeetus leucocephalus,Bald Eagle,BAEA,BAEA,175420,TRUE,TRUE,Sensitive,Yes,1,1,1,1,1,9,,,,,1,,,,,,,,1,,,1,,1,,,,,,,1,,1,
ABNKC11010,Bird,FALCONIFORMES,ACCIPITRIDAE,Circus cyaneus,Northern Harrier,NOHA,NOHA,175430,TRUE,TRUE,Secure,Yes,1,1,1,1,1,1,,1,,,,,,,,,,,,,,,,1,,,,,,,1,,,
ABNKC12020,Bird,FALCONIFORMES,ACCIPITRIDAE,Accipiter striatus,Sharp-shinned Hawk,SSHA,SSHA,175304,TRUE,FALSE,Secure,Yes,1,1,1,1,1,1,1,,,,,,,1,1,,,,,,,,,1,,,,,,,1,,,
ABNKC12040,Bird,FALCONIFORMES,ACCIPITRIDAE,Accipiter cooperii,Cooper's Hawk,COHA,COHA,175309,TRUE,FALSE,Secure,Yes,9,1,1,1,1,1,1,,,,,,,1,,,,1,,,,,,1,,,,,,,1,,,
ABNKC12060,Bird,FALCONIFORMES,ACCIPITRIDAE,Accipiter gentilis,Northern Goshawk,NOGO,NOGO,175300,TRUE,FALSE,Sensitive,Yes,1,1,1,1,1,9,1,,,,,,,1,1,,,,,,,,,1,,,,,,,1,,1,
ABNKC19050,Bird,FALCONIFORMES,ACCIPITRIDAE,Buteo platypterus,Broad-winged Hawk,BWHA,BWHA,175365,TRUE,TRUE,Sensitive,Yes,9,1,9,9,1,,1,,,,,,,1,1,,,1,,,,,1,,,,,,,,1,,1,
ABNKC19070,Bird,FALCONIFORMES,ACCIPITRIDAE,Buteo swainsoni,Swainson's Hawk,SWHA,SWHA,175367,TRUE,FALSE,Sensitive,Yes,,1,9,9,1,1,,1,,,,,,,,,,,,,,,1,,,,,,,,1,,1,
ABNKC19110,Bird,FALCONIFORMES,ACCIPITRIDAE,Buteo jamaicensis,Red-tailed Hawk,RTHA,RTHA,175350,TRUE,TRUE,Secure,Yes,1,1,1,1,1,1,,,,,,1,,,,,,,1,,,,,1,,,,,,,1,,,
ABNKC19120,Bird,FALCONIFORMES,ACCIPITRIDAE,Buteo regalis,Ferruginous Hawk,FEHA,FEHA,175377,TRUE,TRUE,At Risk,Yes,,,,9,9,1,,1,,,,,,,,,,,,,,,,1,,,,,,,1,,1,
ABNKC19130,Bird,FALCONIFORMES,ACCIPITRIDAE,Buteo lagopus,Rough-legged Hawk,RLHA,RLHA,175373,FALSE,FALSE,Secure Migrant,Migrant,,,,,,,,,,,,,,,,,,,,,,,,1,,,,,,,,,,
ABNKC22010,Bird,FALCONIFORMES,ACCIPITRIDAE,Aquila chrysaetos,Golden Eagle,GOEA,GOEA,175407,TRUE,FALSE,Sensitive,Yes,,9,1,9,9,1,,,,,,,,,,,,,,,,,,1,,1,,,,,1,,1,
ABNKD06020,Bird,FALCONIFORMES,FALCONIDAE,Falco sparverius,American Kestrel,AMKE,AMKE,175622,TRUE,TRUE,Secure,Yes,1,1,1,1,1,1,1,,,,,,,,,1,,,1,1,,,1,,,,,1,,,1,,,
ABNKD06030,Bird,FALCONIFORMES,FALCONIDAE,Falco columbarius,Merlin,MERL,MERL,175613,TRUE,TRUE,Secure,Yes,9,1,1,1,1,1,,,,,,1,,,,,,,1,,,,,1,,,,,,,1,,,
ABNKD06070,Bird,FALCONIFORMES,FALCONIDAE,Falco peregrinus,Peregrine Falcon,PEFA,PEFA,175604,FALSE,FALSE,At Risk,Yes,9,9,9,9,1,1,,,,,,,,,,,,,,,,,1,,,1,,,,,1,,1,
ABNKD06080,Bird,FALCONIFORMES,FALCONIDAE,Falco rusticolus,Gyrfalcon,GYRF,GYRF,175599,FALSE,FALSE,Secure Migrant,Migrant,,,,,,,,,,,,,,,,,,,,,,,,1,,,,,,,,,,
ABNKD06090,Bird,FALCONIFORMES,FALCONIDAE,Falco mexicanus,Prairie Falcon,PRFA,PRFA,175603,TRUE,FALSE,Sensitive,Yes,,,9,,1,1,,,,,,,,,,,,,,,,,,1,,1,,,,,1,,1,
ABNLC01010,Bird,GALLIFORMES,PHASIANIDAE,Perdix perdix,Gray Partridge,GRPA,GRAP,175915,TRUE,FALSE,Exotic/Alien EurAsia,Yes,,,,,,,,,,,,,1,,,,,,1,,,,,,1,,,,,,,1,,
ABNLC07010,Bird,GALLIFORMES,PHASIANIDAE,Phasianus colchicus,Ring-necked Pheasant,RNPT,RNEP,175905,TRUE,FALSE,Exotic/Alien EurAsia,Yes,,,,,,,,,,,,,1,,,,,,1,,,,,,1,,,1,,,,1,,
ABNLC09010,Bird,GALLIFORMES,PHASIANIDAE,Falcipennis canadensis,Spruce Grouse,SPGR,SPGR,553896,TRUE,FALSE,Secure,Yes,1,1,1,1,9,,1,,,,,,,1,,,,,,,,,,,1,,,,1,,,1,,
ABNLC09020,Bird,GALLIFORMES,PHASIANIDAE,Dendragapus obscurus,Blue Grouse,BLGR,BLGR,175860,TRUE,FALSE,Secure,Yes,,,1,9,,,1,,,,,,,,,,,,1,,,,,,1,,,,,,,1,,
ABNLC10010,Bird,GALLIFORMES,PHASIANIDAE,Lagopus lagopus,Willow Ptarmigan,WIPT,WIPT,175804,FALSE,FALSE,Secure,Yes,,,,,,,,,1,,,,,,,,,,,,,,,,1,,,,1,,,1,,
ABNLC10030,Bird,GALLIFORMES,PHASIANIDAE,Lagopus leucurus,White-tailed Ptarmigan,WTPT,WTPT,175827,FALSE,FALSE,Secure,Yes,,,1,,,,,,1,,,,,,,,,,,,,,,,1,,,,,,,1,,
ABNLC11010,Bird,GALLIFORMES,PHASIANIDAE,Bonasa umbellus,Ruffed Grouse,RUGR,RUGR,175790,TRUE,TRUE,Secure,Yes,1,1,1,1,1,9,1,,,,,,,,,,1,,1,,,,,,1,,,,1,,,1,,
ABNLC12010,Bird,GALLIFORMES,PHASIANIDAE,Centrocercus urophasianus,Greater Sage Grouse,GSGR,GSGR,175855,FALSE,FALSE,At Risk,Yes,,,,,,1,,1,,,,,,,,,,,,,,,,,1,,,,,,,,1,
ABNLC13010,Bird,GALLIFORMES,PHASIANIDAE,Tympanuchus cupido,Greater Prairie-Chicken,PGCH,PGCH,175834,FALSE,FALSE,Extirpated/Extinct Breeding,Yes,,,,,9,1,,1,,,,,,,,,,,,,,,,,1,,,,,,,,1,
ABNLC13030,Bird,GALLIFORMES,PHASIANIDAE,Tympanuchus phasianellus,Sharp-tailed Grouse,STGR,STGR,175841,TRUE,TRUE,Sensitive,Yes,1,1,9,1,1,1,,,,,,1,,,,,,,1,,,,,,1,,,,,,,1,1,1
ABNLC14010,Bird,GALLIFORMES,PHASIANIDAE,Meleagris gallopavo,Wild Turkey,WITU,WITU,176136,FALSE,FALSE,Exotic/Alien NAmer,Yes,,,,,,,,,,,,,9,,,,,,,,,,,,1,,,,,,,1,,
,Bird,GALLIFORMES,PHASIANIDAE,Gallus domesticus,Domestic Chicken,DCHI,DCHI,176086,FALSE,TRUE,Exotic/Alien NAmer,Yes,,,,,,,,,,,,,9,,,,,,1,,,,,,1,,,1,,,,1,,
ABNME01010,Bird,GRUIFORMES,RALLIDAE,Coturnicops noveboracensis,Yellow Rail,YERA,YERA,176259,TRUE,TRUE,Native Undetermined,Yes,,9,,,1,,,,,,1,,,,,,,,,,1,,,1,,,1,,,,,,,
ABNME05030,Bird,GRUIFORMES,RALLIDAE,Rallus limicola,Virginia Rail,VIRA,VIRA,176221,FALSE,FALSE,Native Undetermined,Yes,,1,,,1,1,,,,,1,,,,,,,,,,1,,,1,,,1,,,,,,,
ABNME08020,Bird,GRUIFORMES,RALLIDAE,Porzana carolina,Sora,SORA,SORA,176242,TRUE,TRUE,Secure,Yes,1,1,1,1,1,1,,,,,1,,,,,,,,,,1,,1,,,,1,,,,,,,
ABNME14020,Bird,GRUIFORMES,RALLIDAE,Fulica americana,American Coot,AMCO,AMCO,176292,TRUE,TRUE,Secure,Yes,1,1,1,1,1,1,,,,,1,,,,,,,,,,1,,,1,,,1,,,,,1,,
ABNMK01010,Bird,GRUIFORMES,GRUIDAE,Grus canadensis,Sandhill Crane,SACR,SACR,176177,TRUE,TRUE,Sensitive,Yes,1,1,,1,9,,,,,,1,,,,,,,,,,1,,,1,,,1,,,,,1,1,1
ABNMK01020,Bird,GRUIFORMES,GRUIDAE,Grus grus,Common Crane,COCR,COCR,176183,FALSE,FALSE,Accidental/Vagrant EurAsia,No,,,,,,,,,,,,,,,,,,,,,,,,,,,,,,,,,,
ABNMK01030,Bird,GRUIFORMES,GRUIDAE,Grus americana,Whooping Crane,WHCR,WHCR,176176,FALSE,FALSE,At Risk,Yes,9,,,,,,,,,,1,,,,,,,,,,1,,,1,,,1,,,,,,1,1
ABNNB02010,Bird,CHARADRIIFORMES,CHARADRIIDAE,Pluvialis squatarola,Black-bellied Plover,BBPL,BBPL,176567,FALSE,FALSE,Secure Migrant,Migrant,,,,,,,,,,,,,,,,,,,,,,,1,,,,,,,,,,,
ABNNB02030,Bird,CHARADRIIFORMES,CHARADRIIDAE,Pluvialis dominica,American Golden-Plover,AMGP,AMGP,176564,FALSE,FALSE,Secure Migrant,Migrant,,,,,,,,,,,,,,,,,,,,,,,,1,,,,,,,,,,
ABNNB02040,Bird,CHARADRIIFORMES,CHARADRIIDAE,Pluvialis fulva,Pacific Golden Plover,PAGP,PAGP,554381,FALSE,FALSE,Accidental/Vagrant NAmer,No,,,,,,,,,,,,,,,,,,,,,,,,,,,,,,,,,,
ABNNB03010,Bird,CHARADRIIFORMES,CHARADRIIDAE,Charadrius mongolus,Mongolian Plover,MONP,MONP,176514,FALSE,FALSE,Accidental/Vagrant EurAsia,No,,,,,,,,,,,,,,,,,,,,,,,,,,,,,,,,,,
ABNNB03030,Bird,CHARADRIIFORMES,CHARADRIIDAE,Charadrius alexandrinus,Snowy Plover,SNPL,SNPL,176510,FALSE,FALSE,Accidental/Vagrant NAmer,No,,,,,,,,,,,,,,,,,,,,,,,,,,,,,,,,,,
ABNNB03060,Bird,CHARADRIIFORMES,CHARADRIIDAE,Charadrius semipalmatus,Semipalmated Plover,SEPL,SEPL,176506,TRUE,FALSE,Secure,Yes,9,,,,,,,,,,1,,,,,,,,,,1,,1,,,,1,,,,,,,
ABNNB03070,Bird,CHARADRIIFORMES,CHARADRIIDAE,Charadrius melodus,Piping Plover,PIPL,PIPL,176507,FALSE,FALSE,At Risk,Yes,,,,,1,1,,,,,1,,,,,,,,,,1,,,1,,,1,,,,,,1,1
ABNNB03090,Bird,CHARADRIIFORMES,CHARADRIIDAE,Charadrius vociferus,Killdeer,KILL,KILL,176520,TRUE,TRUE,Secure,Yes,1,1,1,1,1,1,,1,,,,,,,,,,,,,,,,1,,,,1,,,,,,
ABNNB03100,Bird,CHARADRIIFORMES,CHARADRIIDAE,Charadrius montanus,Mountain Plover,MOUP,MOUP,176522,FALSE,FALSE,Sensitive,Yes,,,,,,1,,1,,,,,,,,,,,,,,,,1,,,,,,,,,1,
ABNND01010,Bird,CHARADRIIFORMES,RECURVIROSTRIDAE,Himantopus mexicanus,Black-necked Stilt,BNST,BNST,176726,TRUE,FALSE,Sensitive,Yes,,,,,9,9,,,,,1,,,,,,,,,,1,,1,,,,1,,,,,,1,
ABNND02010,Bird,CHARADRIIFORMES,RECURVIROSTRIDAE,Recurvirostra americana,American Avocet,AMAV,AMAV,176721,TRUE,TRUE,Secure,Yes,,9,,9,1,1,,,,,1,,,,,,,,,,1,,1,,,,1,,,,,,,
ABNNF01020,Bird,CHARADRIIFORMES,SCOLOPACIDAE,Tringa melanoleuca,Greater Yellowlegs,GRYE,GRYE,176619,TRUE,TRUE,Secure,Yes,1,1,1,1,,,,,,,1,,,,,,,,1,,1,,1,,,,1,,,,,,,1
ABNNF01030,Bird,CHARADRIIFORMES,SCOLOPACIDAE,Tringa flavipes,Lesser Yellowlegs,LEYE,LEYE,176620,TRUE,TRUE,Secure,Yes,1,1,9,1,,,,,,,1,,,,,,,,1,,1,,1,,,,1,,,,,,,1
ABNNF01050,Bird,CHARADRIIFORMES,SCOLOPACIDAE,Tringa erythropus,Spotted Redshank,SPRE,SPRE,176621,FALSE,FALSE,Accidental/Vagrant EurAsia,No,,,,,,,,,,,,,,,,,,,,,,,,,,,,,,,,,,
ABNNF01070,Bird,CHARADRIIFORMES,SCOLOPACIDAE,Tringa solitaria,Solitary Sandpiper,SOSA,SOSA,176615,TRUE,TRUE,Secure,Yes,1,1,1,1,1,9,,,,,1,,,,,,,,1,,1,,1,,,,1,,,,,,,
ABNNF02010,Bird,CHARADRIIFORMES,SCOLOPACIDAE,Catoptrophorus semipalmatus,Willet,WILL,WILL,176638,TRUE,TRUE,Secure,Yes,,9,,,1,1,,,,,1,,,,,,,,1,,1,,1,,,,1,,,,,,,
ABNNF03010,Bird,CHARADRIIFORMES,SCOLOPACIDAE,Heteroscelus incanus,Wandering Tattler,WATA,WATA,176635,FALSE,FALSE,Accidental/Vagrant NAmer,No,,,,,,,,,,,,,,,,,,,,,,,,,,,,,,,,,,
ABNNF04020,Bird,CHARADRIIFORMES,SCOLOPACIDAE,Actitis macularia,Spotted Sandpiper,SPSA,SPSA,726049,FALSE,TRUE,Secure,Yes,1,1,1,1,1,1,,,,,1,,,,,,,,,,1,,1,,,,1,,,,,,,
ABNNF06010,Bird,CHARADRIIFORMES,SCOLOPACIDAE,Bartramia longicauda,Upland Sandpiper,UPSA,UPSA,176610,TRUE,FALSE,Sensitive,Yes,,9,9,9,9,1,,1,,,,,,,,,,,,,,,1,,,,,,,,,,1,
ABNNF07010,Bird,CHARADRIIFORMES,SCOLOPACIDAE,Numenius borealis,Eskimo Curlew,ESCU,ESCU,176605,FALSE,FALSE,Extirpated/Extinct Migrant,Migrant,,,,,,,,,,,,,,,,,,,,,,,,1,,,,,,,,,1,
ABNNF07020,Bird,CHARADRIIFORMES,SCOLOPACIDAE,Numenius phaeopus,American Whimbrel,WHIM,WHIM,176599,FALSE,FALSE,Secure Migrant,Migrant,,,,,,,,,,,,,,,,,,,,,,,1,,,,,,,,,,,
ABNNF07070,Bird,CHARADRIIFORMES,SCOLOPACIDAE,Numenius americanus,Long-billed Curlew,LBCU,LBCU,176593,TRUE,TRUE,May Be At Risk,Yes,,,,,9,1,,1,,,,,,,,,,,,,,,1,,,,,,,,,,1,
ABNNF08020,Bird,CHARADRIIFORMES,SCOLOPACIDAE,Limosa haemastica,Hudsonian Godwit,HUGO,HUGO,176690,TRUE,FALSE,Secure Migrant,Migrant,,,,,,,,,,,,,,,,,,,,,,,1,,,,,,,,,,,
ABNNF08040,Bird,CHARADRIIFORMES,SCOLOPACIDAE,Limosa fedoa,Marbled Godwit,MAGO,MAGO,176686,TRUE,TRUE,Secure,Yes,,9,,,1,1,,,,,1,,,,,,,,,,1,,1,,,,1,,,,,,,1
ABNNF09010,Bird,CHARADRIIFORMES,SCOLOPACIDAE,Arenaria interpres,Ruddy Turnstone,RUTU,RUTU,176571,FALSE,FALSE,Secure Migrant,Migrant,,,,,,,,,,,,,,,,,,,,,,,1,,,,,,,,,,,
ABNNF09020,Bird,CHARADRIIFORMES,SCOLOPACIDAE,Arenaria melanocephala,Black Turnstone,BLTU,BLTU,176574,TRUE,TRUE,Accidental/Vagrant NAmer,No,,,,,,,,,,,,,,,,,,,,,,,,,,,,,,,,,,
ABNNF10010,Bird,CHARADRIIFORMES,SCOLOPACIDAE,Aphriza virgata,Surfbird,SURF,SURF,176673,FALSE,FALSE,Accidental/Vagrant NAmer,No,,,,,,,,,,,,,,,,,,,,,,,,,,,,,,,,,,
ABNNF11020,Bird,CHARADRIIFORMES,SCOLOPACIDAE,Calidris canutus,Red Knot,REKN,REKN,176642,FALSE,FALSE,Secure Migrant,Migrant,,,,,,,,,,,,,,,,,,,,,,,,1,,,,,,,,,,
ABNNF11030,Bird,CHARADRIIFORMES,SCOLOPACIDAE,Calidris alba,Sanderling,SAND,SAND,176669,FALSE,FALSE,Secure Migrant,Migrant,,,,,,,,,,,,,,,,,,,,,,,1,,,,,,,,,,,
ABNNF11040,Bird,CHARADRIIFORMES,SCOLOPACIDAE,Calidris pusilla,Semipalmated Sandpiper,SESA,SESA,176667,TRUE,FALSE,Secure Migrant,Migrant,,,,,,,,,,,,,,,,,,,,,,,1,,,,,,,,,,,
ABNNF11050,Bird,CHARADRIIFORMES,SCOLOPACIDAE,Calidris mauri,Western Sandpiper,WESA,WESA,176668,FALSE,FALSE,Secure Migrant,Migrant,,,,,,,,,,,,,,,,,,,,,,,1,,,,,,,,,,,
ABNNF11060,Bird,CHARADRIIFORMES,SCOLOPACIDAE,Calidris ruficollis,Red-necked Stint,RNST,RNST,176659,FALSE,FALSE,Accidental/Vagrant EurAsia,No,,,,,,,,,,,,,,,,,,,,,,,,,,,,,,,,,,
ABNNF11070,Bird,CHARADRIIFORMES,SCOLOPACIDAE,Calidris minuta,Little Stint,LIST,LIST,176670,FALSE,FALSE,Accidental/Vagrant EurAsia,No,,,,,,,,,,,,,,,,,,,,,,,,,,,,,,,,,,
ABNNF11100,Bird,CHARADRIIFORMES,SCOLOPACIDAE,Calidris minutilla,Least Sandpiper,LESA,LESA,176656,TRUE,FALSE,Secure,Yes,9,9,,,,,,,,,1,,,,,,,,,,1,,1,,,,1,,,,,,,
ABNNF11110,Bird,CHARADRIIFORMES,SCOLOPACIDAE,Calidris fuscicollis,White-rumped Sandpiper,WRSA,WRSA,176654,FALSE,FALSE,Secure Migrant,Migrant,,,,,,,,,,,,,,,,,,,,,,,1,,,,,,,,,,,
ABNNF11120,Bird,CHARADRIIFORMES,SCOLOPACIDAE,Calidris bairdii,Baird's Sandpiper,BASA,BASA,176655,FALSE,FALSE,Secure Migrant,Migrant,,,,,,,,,,,,,,,,,,,,,,,1,,,,,,,,,,,
ABNNF11130,Bird,CHARADRIIFORMES,SCOLOPACIDAE,Calidris melanotos,Pectoral Sandpiper,PESA,PESA,176653,FALSE,FALSE,Secure Migrant,Migrant,,,,,,,,,,,,,,,,,,,,,,,1,,,,,,,,,,,
ABNNF11140,Bird,CHARADRIIFORMES,SCOLOPACIDAE,Calidris acuminata,Sharp-tailed Sandpiper,SHAS,SHAS,176652,FALSE,FALSE,Accidental/Vagrant EurAsia,No,,,,,,,,,,,,,,,,,,,,,,,,,,,,,,,,,,
ABNNF11170,Bird,CHARADRIIFORMES,SCOLOPACIDAE,Calidris alpina,Dunlin,DUNL,DUNL,176661,FALSE,FALSE,Secure Migrant,Migrant,,,,,,,,,,,,,,,,,,,,,,,1,,,,,,,,,,,
ABNNF11180,Bird,CHARADRIIFORMES,SCOLOPACIDAE,Calidris ferruginea,Curlew Sandpiper,CUSA,CUSA,176660,FALSE,FALSE,Accidental/Vagrant EurAsia,No,,,,,,,,,,,,,,,,,,,,,,,,,,,,,,,,,,
ABNNF11190,Bird,CHARADRIIFORMES,SCOLOPACIDAE,Calidris himantopus,Stilt Sandpiper,STSA,STSA,554145,FALSE,FALSE,Secure Migrant,Migrant,,,,,,,,,,,,,,,,,,,,,,,1,,,,,,,,,,,
ABNNF12010,Bird,CHARADRIIFORMES,SCOLOPACIDAE,Eurynorhynchus pygmeus,Spoonbill Sandpiper,SPOS,SPOS,176697,FALSE,FALSE,Accidental/Vagrant EurAsia,No,,,,,,,,,,,,,,,,,,,,,,,,,,,,,,,,,,
ABNNF14010,Bird,CHARADRIIFORMES,SCOLOPACIDAE,Tryngites subruficollis,Buff-breasted Sandpiper,BBSA,BBSA,176684,FALSE,FALSE,Secure Migrant,Migrant,,,,,,,,,,,,,,,,,,,,,,,1,,,,,,,,,,,
ABNNF15010,Bird,CHARADRIIFORMES,SCOLOPACIDAE,Philomachus pugnax,Ruff/Reeve,RUFF,RUFF,176695,FALSE,FALSE,Accidental/Vagrant EurAsia,No,,,,,,,,,,,,,,,,,,,,,,,,,,,,,,,,,,
ABNNF16010,Bird,CHARADRIIFORMES,SCOLOPACIDAE,Limnodromus griseus,Short-billed Dowitcher,SBDO,SBDO,176675,TRUE,FALSE,Native Undetermined,Yes,,1,,9,,,,,,,1,,,,,,,,,,1,,1,,,,1,,,,,,,1
ABNNF16020,Bird,CHARADRIIFORMES,SCOLOPACIDAE,Limnodromus scolopaceus,Long-billed Dowitcher,LBDO,LBDO,176679,TRUE,FALSE,Secure Migrant,Migrant,,,,,,,,,,,,,,,,,,,,,,,,1,,,,,,,,,,
ABNNF18010,Bird,CHARADRIIFORMES,SCOLOPACIDAE,Gallinago delicata,Wilson's (Common) Snipe,COSN,WISN,726048,TRUE,TRUE,Secure,Yes,1,1,1,1,1,1,,,,,1,,,,,,,,,,1,,1,,,,1,,,,,1,,
ABNNF20010,Bird,CHARADRIIFORMES,SCOLOPACIDAE,Phalaropus tricolor,Wilson's Phalarope,WIPH,WIPH,176736,TRUE,TRUE,Secure,Yes,,1,9,1,1,1,,,,,1,,,,,,,,,,1,,1,,,,1,,,,,,,1
ABNNF20020,Bird,CHARADRIIFORMES,SCOLOPACIDAE,Phalaropus lobatus,Red-necked Phalarope,RNPH,RNPH,176735,TRUE,TRUE,Secure,Yes,,9,,,,,,,,,1,,,,,,,,,,1,,,1,,,1,,,,,,,
ABNNF20030,Bird,CHARADRIIFORMES,SCOLOPACIDAE,Phalaropus fulicarius,Red Phalarope,REPH,REPH,176734,FALSE,FALSE,Accidental/Vagrant NAmer,No,,,,,,,,,,,,,,,,,,,,,,,,,,,,,,,,,,
ABNNM01010,Bird,CHARADRIIFORMES,LARIDAE,Stercorarius pomarinus,Pomarine Jaeger,POJA,POJA,176792,FALSE,FALSE,Accidental/Vagrant NAmer,No,,,,,,,,,,,,,,,,,,,,,,,,,,,,,,,,,,
ABNNM01020,Bird,CHARADRIIFORMES,LARIDAE,Stercorarius parasiticus,Parasitic Jaeger,PAJA,PAJA,176793,FALSE,FALSE,Accidental/Vagrant NAmer,No,,,,,,,,,,,,,,,,,,,,,,,,,,,,,,,,,,
ABNNM01030,Bird,CHARADRIIFORMES,LARIDAE,Stercorarius longicaudus,Long-tailed Jaeger,LTJA,LTJA,176794,FALSE,FALSE,Accidental/Vagrant NAmer,No,,,,,,,,,,,,,,,,,,,,,,,,,,,,,,,,,,
ABNNM03020,Bird,CHARADRIIFORMES,LARIDAE,Larus pipixcan,Franklin's Gull,FRGU,FRGU,176838,TRUE,TRUE,Secure,Yes,,9,,9,1,1,,,,,1,,,,,,,,,,1,,1,,,,,1,,,,,,1
ABNNM03030,Bird,CHARADRIIFORMES,LARIDAE,Larus minutus,Little Gull,LIGU,LIGU,176840,FALSE,FALSE,Accidental/Vagrant EurAsia,No,,,,,,,,,,,,,,,,,,,,,,,,,,,,,,,,,,
ABNNM03050,Bird,CHARADRIIFORMES,LARIDAE,Larus philadelphia,Bonaparte's Gull,BOGU,BOGU,176839,TRUE,TRUE,Secure,Yes,1,1,,1,9,,,,,,1,,,,,,,,,,1,,,1,,,1,,,,,,,
ABNNM03090,Bird,CHARADRIIFORMES,LARIDAE,Larus canus,Mew Gull,MEGU,MEGU,176832,TRUE,TRUE,Secure,Yes,9,9,,,,,,,,,1,,,,,,,,,,1,,,1,,,1,,,,,,,
ABNNM03100,Bird,CHARADRIIFORMES,LARIDAE,Larus delawarensis,Ring-billed Gull,RBGU,RBGU,176830,TRUE,TRUE,Secure,Yes,1,1,,9,1,1,,,,,,1,,,,,,,,,,,,1,,,,1,,,,,,
ABNNM03110,Bird,CHARADRIIFORMES,LARIDAE,Larus californicus,California Gull,CAGU,CAGU,176829,TRUE,TRUE,Secure,Yes,1,1,,9,1,1,,,,,,1,,,,,,,,,,,,1,,,,1,,,,,,1
ABNNM03120,Bird,CHARADRIIFORMES,LARIDAE,Larus argentatus,Herring Gull,HEGU,HERG,176824,TRUE,TRUE,Secure,Yes,1,1,,,9,,,,,,,1,,,,,,,,,,,,1,,,,1,,,,,,
ABNNM03130,Bird,CHARADRIIFORMES,LARIDAE,Larus thayeri,Thayer's Gull,THGU,THGU,176828,FALSE,FALSE,Secure Migrant,Migrant,,,,,,,,,,,,,,,,,,,,,,,,1,,,,,,,,,,
ABNNM03140,Bird,CHARADRIIFORMES,LARIDAE,Larus glaucoides,Iceland Gull,ICGU,ICGU,176811,FALSE,FALSE,Accidental/Vagrant NAmer,No,,,,,,,,,,,,,,,,,,,,,,,,,,,,,,,,,,
ABNNM03150,Bird,CHARADRIIFORMES,LARIDAE,Larus fuscus,Lesser Black-backed Gull,LBBG,LBBG,176821,FALSE,FALSE,Accidental/Vagrant EurAsia,No,,,,,,,,,,,,,,,,,,,,,,,,,,,,,,,,,,
ABNNM03160,Bird,CHARADRIIFORMES,LARIDAE,Larus schistisagus,Slaty-backed Gull,SBGU,SBGU,176816,FALSE,FALSE,Accidental/Vagrant EurAsia,No,,,,,,,,,,,,,,,,,,,,,,,,,,,,,,,,,,
ABNNM03190,Bird,CHARADRIIFORMES,LARIDAE,Larus glaucescens,Glaucous-winged Gull,GWGU,GWGU,176814,FALSE,FALSE,Accidental/Vagrant NAmer,No,,,,,,,,,,,,,,,,,,,,,,,,,,,,,,,,,,
ABNNM03200,Bird,CHARADRIIFORMES,LARIDAE,Larus hyperboreus,Glaucous Gull,GLGU,GLGU,176808,FALSE,FALSE,Secure Migrant,Migrant,,,,,,,,,,,,,,,,,,,,,,,,1,,,,,,,,,,
ABNNM03210,Bird,CHARADRIIFORMES,LARIDAE,Larus marinus,Great Black-backed Gull,GBBG,GBBG,176815,FALSE,FALSE,Accidental/Vagrant NAmer,No,,,,,,,,,,,,,,,,,,,,,,,,,,,,,,,,,,
ABNNM04010,Bird,CHARADRIIFORMES,LARIDAE,Rissa tridactyla,Black-legged Kittiwake,BLKI,BLKI,176875,FALSE,FALSE,Accidental/Vagrant NAmer,No,,,,,,,,,,,,,,,,,,,,,,,,,,,,,,,,,,
ABNNM06010,Bird,CHARADRIIFORMES,LARIDAE,Xema sabini,Sabine's Gull,SAGU,SAGU,176866,FALSE,FALSE,Secure Migrant,Migrant,,,,,,,,,,,,,,,,,,,,,,,1,,,,,,,,,,,
ABNNM07010,Bird,CHARADRIIFORMES,LARIDAE,Pagophila eburnea,Ivory Gull,IVGU,IVGU,176851,FALSE,FALSE,Accidental/Vagrant NAmer,No,,,,,,,,,,,,,,,,,,,,,,,,,,,,,,,,,,
ABNNM08020,Bird,CHARADRIIFORMES,LARIDAE,Sterna caspia,Caspian Tern,CATE,CATE,176924,FALSE,FALSE,Sensitive,Yes,1,,,,,1,,,,,1,,,,,,,,,,,1,,1,,,,,,,1,,1,
ABNNM08070,Bird,CHARADRIIFORMES,LARIDAE,Sterna hirundo,Common Tern,COTE,COTE,176888,TRUE,TRUE,Secure,Yes,1,1,,9,1,1,,,,,1,,,,,,,,,,,1,1,,,,,,,,1,,,
ABNNM08080,Bird,CHARADRIIFORMES,LARIDAE,Sterna paradisaea,Arctic Tern,ARTE,ARTE,176890,FALSE,FALSE,Secure Migrant,Migrant,,,,,,,,,,,,,,,,,,,,,,,,1,,,,,,,,,,
ABNNM08090,Bird,CHARADRIIFORMES,LARIDAE,Sterna forsteri,Forster's Tern,FOTE,FOTE,176887,TRUE,TRUE,Sensitive,Yes,,1,,,1,1,,,,,1,,,,,,,,,,,1,,1,,,,,,,1,,1,
ABNNM10020,Bird,CHARADRIIFORMES,LARIDAE,Chlidonias niger,Black Tern,BLTE,BLTE,176959,TRUE,TRUE,Sensitive,Yes,1,1,9,1,1,1,,,,,1,,,,,,,,,,1,,1,,,,1,,,,,,1,1
ABNNN05010,Bird,CHARADRIIFORMES,ALCIDAE,Cepphus grylle,Black Guillemot,BLGU,BLGU,176985,FALSE,FALSE,Accidental/Vagrant NAmer,No,,,,,,,,,,,,,,,,,,,,,,,,,,,,,,,,,,
ABNNN06030,Bird,CHARADRIIFORMES,ALCIDAE,Brachyramphus perdix,Long-billed Murrelet,LBMU,LBMU,554143,FALSE,FALSE,Accidental/Vagrant NAmer,No,,,,,,,,,,,,,,,,,,,,,,,,,,,,,,,,,,
ABNNN07030,Bird,CHARADRIIFORMES,ALCIDAE,Synthliboramphus antiquus,Ancient Murrelet,ANMU,ANMU,177008,FALSE,FALSE,Accidental/Vagrant NAmer,No,,,,,,,,,,,,,,,,,,,,,,,,,,,,,,,,,,
ABNPB01010,Bird,COLUMBIFORMES,COLUMBIDAE,Columba livia,Rock Dove,RODO,ROPI,177071,TRUE,TRUE,Exotic/Alien EurAsia,Yes,,,,,,,,,,,,,1,,,,,,,,,,,,1,,,1,,,,1,,
ABNPB01080,Bird,COLUMBIFORMES,COLUMBIDAE,Columba fasciata,Band-tailed Pigeon,BTPI,BTPI,177065,FALSE,FALSE,Accidental/Vagrant NAmer,No,,,,,,,,,,,,,,,,,,,,,,,,,,,,,,,,,,
ABNPB04010,Bird,COLUMBIFORMES,COLUMBIDAE,Zenaida asiatica,White-winged Dove,WWDO,WWDO,177121,FALSE,FALSE,Accidental/Vagrant NAmer,No,,,,,,,,,,,,,,,,,,,,,,,,,,,,,,,,,,
ABNPB04040,Bird,COLUMBIFORMES,COLUMBIDAE,Zenaida macroura,Mourning Dove,MODO,MODO,177125,TRUE,TRUE,Secure,Yes,,1,9,9,1,1,,,,,,1,,,,,,,1,,,,,1,,,,1,,,,,,
ABNPB05010,Bird,COLUMBIFORMES,COLUMBIDAE,Ectopistes migratorius,Passenger Pigeon,PAPI,PAPI,177132,FALSE,FALSE,Extirpated/Extinct Breeding,Yes,,,,,1,1,1,,,,,,,1,,,,,,,,,,1,,,,,,,,,1,
ABNRB02010,Bird,CUCULIFORMES,CUCULIDAE,Coccyzus erythropthalmus,Black-billed Cuckoo,BBCU,BBCU,177834,FALSE,FALSE,Native Undetermined,Yes,,1,,,1,9,1,,,,,,,,,,1,,1,,,,1,,,,,,,,,,,
ABNRB02020,Bird,CUCULIFORMES,CUCULIDAE,Coccyzus americanus,Yellow-billed Cuckoo,YBCU,YBCU,177831,FALSE,FALSE,Accidental/Vagrant NAmer,No,,,,,,,,,,,,,,,,,,,,,,,,,,,,,,,,,,
ABNSA01010,Bird,STRIGIFORMES,TYTONIDAE,Tyto alba,Barn Owl,BNOW,BNOW,177851,TRUE,FALSE,Accidental/Vagrant NAmer,No,,,,,,,,,,,,,,,,,,,,,,,,,,,,,,,,,,
ABNSB01020,Bird,STRIGIFORMES,STRIGIDAE,Otus flammeolus,Flammulated Owl,FLOW,FLOW,177878,FALSE,FALSE,Accidental/Vagrant NAmer,No,,,,,,,,,,,,,,,,,,,,,,,,,,,,,,,,,,
ABNSB01030,Bird,STRIGIFORMES,STRIGIDAE,Otus asio,Eastern Screech-Owl,EASO,EASO,177856,FALSE,FALSE,Accidental/Vagrant NAmer,No,,,,,,,,,,,,,,,,,,,,,,,,,,,,,,,,,,
ABNSB01040,Bird,STRIGIFORMES,STRIGIDAE,Otus kennicottii,Western Screech-Owl,WESO,WESO,555388,FALSE,FALSE,Accidental/Vagrant NAmer,No,,,,,,,,,,,,,,,,,,,,,,,,,,,,,,,,,,
ABNSB05010,Bird,STRIGIFORMES,STRIGIDAE,Bubo virginianus,Great Horned Owl,GHOW,GHOW,177884,TRUE,TRUE,Secure,Yes,1,1,1,1,1,1,1,,,,,,,1,,,,,1,,,,,,1,,,,1,,1,,,
ABNSB06010,Bird,STRIGIFORMES,STRIGIDAE,Nyctea scandiaca,Snowy Owl,SNOW,SNOW,177896,FALSE,FALSE,Secure Migrant,Migrant,,,,,,,,,,,,,,,,,,,,,,,,,1,,,,,,,,,
ABNSB07010,Bird,STRIGIFORMES,STRIGIDAE,Surnia ulula,Northern Hawk Owl,NHOW,NHOW,177898,TRUE,FALSE,Secure,Yes,1,1,9,1,,,1,,,,,,,,,1,,,1,1,,,,,1,,,,1,,1,,,
ABNSB08010,Bird,STRIGIFORMES,STRIGIDAE,Glaucidium gnoma,Northern Pygmy Owl,NOPO,NOPO,177902,FALSE,FALSE,Sensitive,Yes,,1,9,1,,,1,,,,,,,1,1,,,,1,1,,,,,1,,,,,,1,,1,
ABNSB10010,Bird,STRIGIFORMES,STRIGIDAE,Athene cunicularia,Burrowing Owl,BUOW,BUOW,177946,FALSE,FALSE,At Risk,Yes,,,,,9,1,,1,,,,,,,,,,,,,,,1,,,,,,,,1,,1,
ABNSB12020,Bird,STRIGIFORMES,STRIGIDAE,Strix varia,Barred Owl,BDOW,BADO,177921,TRUE,TRUE,Sensitive,Yes,1,1,9,1,9,,1,,,,,,,1,1,,,1,,1,,,,,1,,,,,,1,,1,
ABNSB12040,Bird,STRIGIFORMES,STRIGIDAE,Strix nebulosa,Great Gray Owl,GGOW,GGOW,177929,TRUE,TRUE,Sensitive,Yes,1,1,9,1,9,,1,,,,,,,1,,,,,1,,,,,,1,,,,,,1,,1,
ABNSB13010,Bird,STRIGIFORMES,STRIGIDAE,Asio otus,Long-eared Owl,LEOW,LEOW,177932,TRUE,FALSE,Secure,Yes,,9,9,9,1,1,1,,,,,,,,,,,,1,,,,,1,,,,,,,1,,,
ABNSB13040,Bird,STRIGIFORMES,STRIGIDAE,Asio flammeus,Short-eared Owl,SEOW,SEOW,177935,TRUE,FALSE,May Be At Risk,Yes,,9,,9,1,1,,1,,,,,,,,,,,,,,,,,1,,,,,,1,,1,
ABNSB15010,Bird,STRIGIFORMES,STRIGIDAE,Aegolius funereus,Boreal Owl,BOOW,BOOW,177938,TRUE,FALSE,Secure,Yes,,1,1,1,,,1,,,,,,,1,1,,,1,,1,,,,,1,,,,1,,1,,,1
ABNSB15020,Bird,STRIGIFORMES,STRIGIDAE,Aegolius acadicus,Northern Saw-whet Owl,NSWO,NSWO,177942,TRUE,FALSE,Secure,Yes,,1,1,1,1,,1,,,,,,,1,,,,,,1,,,,,1,,,,,,1,,,
ABNTA02020,Bird,CAPRIMULGIFORMES,CAPRIMULGIDAE,Chordeiles minor,Common Nighthawk,CONI,CONI,177979,TRUE,TRUE,Sensitive,Yes,1,1,1,1,1,1,,,,,,1,,,,,,,,,,,1,,,,,,,,,,1,
ABNTA04010,Bird,CAPRIMULGIFORMES,CAPRIMULGIDAE,Phalaenoptilus nuttallii,Common Poorwill,COPW,COPW,555544,FALSE,FALSE,Native Undetermined,Yes,,,,,,9,,1,,,,,,,,,,,,,,,1,,,,,,,,,,,
ABNUA01010,Bird,APODIFORMES,APODIDAE,Cypseloides niger,Black Swift,BLSW,BLSW,177997,FALSE,FALSE,Native Undetermined,Yes,,,1,,,,,,,,,,,,,,,,,,,,1,,,1,,,,,,,,
ABNUA03010,Bird,APODIFORMES,APODIDAE,Chaetura pelagica,Chimney Swift,CHSW,CHSW,178001,FALSE,FALSE,Accidental/Vagrant NAmer,No,,,,,,,,,,,,,,,,,,,,,,,,,,,,,,,,,,
ABNUA03020,Bird,APODIFORMES,APODIDAE,Chaetura vauxi,Vaux's Swift,VASW,VASW,178002,FALSE,FALSE,Accidental/Vagrant NAmer,No,,,,,,,,,,,,,,,,,,,,,,,,,,,,,,,,,,
ABNUA06010,Bird,APODIFORMES,APODIDAE,Aeronautes saxatalis,White-throated Swift,WTSW,WTSW,178014,FALSE,FALSE,Accidental/Vagrant NAmer,No,,,,,,,,,,,,,,,,,,,,,,,,,,,,,,,,,,
ABNUC10020,Bird,APODIFORMES,TROCHILIDAE,Colibri thalassinus,Green Violet-ear,GRVE,GRVE,178084,FALSE,FALSE,Accidental/Vagrant EurAsia,No,,,,,,,,,,,,,,,,,,,,,,,,,,,,,,,,,,
ABNUC45010,Bird,APODIFORMES,TROCHILIDAE,Archilochus colubris,Ruby-throated Hummingbird,RTHU,RTHU,178032,TRUE,TRUE,Secure,Yes,,1,9,1,1,9,,,,,,1,,,,,,,1,,,,1,,,,,,,,,,,
ABNUC45020,Bird,APODIFORMES,TROCHILIDAE,Archilochus alexandri,Black-chinned Hummingbird,BCHU,BCHU,178033,FALSE,FALSE,Accidental/Vagrant NAmer,No,,,,,,,,,,,,,,,,,,,,,,,,,,,,,,,,,,
ABNUC47010,Bird,APODIFORMES,TROCHILIDAE,Calypte anna,Anna's Hummingbird,ANHU,ANHU,178036,FALSE,FALSE,Accidental/Vagrant NAmer,No,,,,,,,,,,,,,,,,,,,,,,,,,,,,,,,,,,
ABNUC47020,Bird,APODIFORMES,TROCHILIDAE,Calypte costae,Costa's Hummingbird,COHU,COHU,178035,FALSE,FALSE,Accidental/Vagrant NAmer,No,,,,,,,,,,,,,,,,,,,,,,,,,,,,,,,,,,
ABNUC48010,Bird,APODIFORMES,TROCHILIDAE,Stellula calliope,Calliope Hummingbird,CAHU,CAHU,178048,FALSE,FALSE,Secure,Yes,,,1,9,9,,,,,,,1,,,,,,,1,,,,1,,,,,,,,,,,
ABNUC51020,Bird,APODIFORMES,TROCHILIDAE,Selasphorus rufus,Rufous Hummingbird,RUHU,RUHU,178040,TRUE,FALSE,Secure,Yes,,,1,1,9,,,,,,,1,,,,,,,1,,,,1,,,,,1,,,,,,
ABNXD01020,Bird,CORACIIFORMES,ALCEDINIDAE,Ceryle alcyon,Belted Kingfisher,BEKI,BEKI,178106,FALSE,TRUE,Secure,Yes,1,1,1,1,1,1,,,,,1,,,,,,,,1,,1,,,1,,,1,,,1,1,,,
ABNYF04010,Bird,PICIFORMES,PICIDAE,Melanerpes lewis,Lewis's Woodpecker,LEWO,LEWO,178196,FALSE,FALSE,Secure,Yes,,,1,,,,1,,,,,,,1,,,,,1,1,,,,1,,,,,,1,,,,
ABNYF04040,Bird,PICIFORMES,PICIDAE,Melanerpes erythrocephalus,Red-headed Woodpecker,RHWO,RHWO,178186,FALSE,FALSE,Accidental/Vagrant NAmer,No,,,,,,,,,,,,,,,,,,,,,,,,,,,,,,,,,,
ABNYF05010,Bird,PICIFORMES,PICIDAE,Sphyrapicus varius,Yellow-bellied Sapsucker,YBSA,YBSA,178202,TRUE,TRUE,Secure,Yes,1,1,9,1,1,9,1,,,,,,,1,,,,,,1,,,,1,,,,,,1,,,,1
ABNYF05020,Bird,PICIFORMES,PICIDAE,Sphyrapicus ruber,Red-breasted Sapsucker,RBSA,RBSA,178212,FALSE,FALSE,Accidental/Vagrant NAmer,No,,,,,,,,,,,,,,,,,,,,,,,,,,,,,,,,,,
ABNYF05030,Bird,PICIFORMES,PICIDAE,Sphyrapicus thyroideus,Williamson's Sapsucker,WISA,WISA,178208,FALSE,FALSE,Accidental/Vagrant NAmer,No,,,,,,,,,,,,,,,,,,,,,,,,,,,,,,,,,,
ABNYF05040,Bird,PICIFORMES,PICIDAE,Sphyrapicus nuchalis,Red-naped Sapsucker,RNSA,RNSA,178211,FALSE,FALSE,Native Undetermined,Yes,,,1,9,9,,1,,,,,,,1,,,,,1,1,,,,1,,,,,,1,,,,
ABNYF07030,Bird,PICIFORMES,PICIDAE,Picoides pubescens,Downy Woodpecker,DOWO,DOWO,178259,TRUE,TRUE,Secure,Yes,1,1,1,1,1,1,1,,,,,,,,,,,,,1,,,,,1,,,,,1,,,,
ABNYF07040,Bird,PICIFORMES,PICIDAE,Picoides villosus,Hairy Woodpecker,HAWO,HAWO,178262,TRUE,TRUE,Secure,Yes,1,1,1,1,1,1,1,,,,,,,1,,,,1,,1,,,,,1,,,,,1,,,,
ABNYF07080,Bird,PICIFORMES,PICIDAE,Picoides tridactylus,Three-toed Woodpecker,TTWO,ATTW,178251,TRUE,TRUE,Secure,Yes,,1,1,1,,,1,,,,,,,,,1,,,,1,,,,,1,,,,,1,,,,
ABNYF07090,Bird,PICIFORMES,PICIDAE,Picoides arcticus,Black-backed Woodpecker,BBWO,BBWO,178250,TRUE,TRUE,Sensitive,Yes,,1,9,1,,,1,,,,,,,,,1,,,,1,,,,,1,,,,,1,,,1,
ABNYF10020,Bird,PICIFORMES,PICIDAE,Colaptes auratus,Northern Flicker,NOFL,NOFL,178154,TRUE,TRUE,Secure,Yes,1,1,1,1,1,1,1,,,,,,,,,,,,1,1,,,,1,,,,,,1,,,,
ABNYF12020,Bird,PICIFORMES,PICIDAE,Dryocopus pileatus,Pileated Woodpecker,PIWO,PIWO,178166,TRUE,TRUE,Sensitive,Yes,1,1,1,1,1,9,1,,,,,,,1,,,,,,1,,,,,1,,,,,1,,,1,
ABPAE32010,Bird,PASSERIFORMES,TYRANNIDAE,Contopus cooperi,Olive-sided Flycatcher,OSFL,OSFL,554221,TRUE,TRUE,Secure,Yes,1,1,1,1,1,,1,,,,,,,,,1,,,1,,,,1,,,,,,,,,,,
ABPAE32050,Bird,PASSERIFORMES,TYRANNIDAE,Contopus sordidulus,Western Wood Pewee,WEWP,WEWP,178360,TRUE,TRUE,Secure,Yes,1,1,1,1,1,1,1,,,,,,,1,,,,,1,,,,1,,,,,,,,,,,
ABPAE33010,Bird,PASSERIFORMES,TYRANNIDAE,Empidonax flaviventris,Yellow-bellied Flycatcher,YBFL,YBFL,178338,TRUE,TRUE,Native Undetermined,Yes,,1,,1,,,,,,1,,,,,,,,,1,,,,1,,,,1,,,,,,,1
ABPAE33030,Bird,PASSERIFORMES,TYRANNIDAE,Empidonax alnorum,Alder Flycatcher,ALFL,ALFL,178340,TRUE,TRUE,Secure,Yes,1,1,1,1,1,9,1,,,,,,,,,,1,,1,,,,1,,,,1,,,,,,,
ABPAE33040,Bird,PASSERIFORMES,TYRANNIDAE,Empidonax traillii,Willow Flycatcher,WIFL,WIFL,178341,TRUE,FALSE,Secure,Yes,,,1,9,9,,1,,,,,,,,,,1,,1,,,,1,,,,,,,,,,,
ABPAE33070,Bird,PASSERIFORMES,TYRANNIDAE,Empidonax minimus,Least Flycatcher,LEFL,LEFL,178344,TRUE,TRUE,Secure,Yes,1,1,1,1,1,9,1,,,,,,,1,,,,,,,,,1,,,,,,,,,,,
ABPAE33080,Bird,PASSERIFORMES,TYRANNIDAE,Empidonax hammondii,Hammond's Flycatcher,HAFL,HAFL,554254,TRUE,TRUE,Secure,Yes,,,1,,,,1,,,,,,,1,,,,,,,,,1,,,,,,,,,,,
ABPAE33090,Bird,PASSERIFORMES,TYRANNIDAE,Empidonax oberholseri,Dusky Flycatcher,DUFL,DUFL,178346,TRUE,FALSE,Secure,Yes,,,1,1,,,1,,,,,,,,,,1,,,,,,1,,,,,,,,,,,
ABPAE33100,Bird,PASSERIFORMES,TYRANNIDAE,Empidonax wrightii,Gray Flycatcher,GRFL,GRFL,178347,FALSE,FALSE,Accidental/Vagrant NAmer,No,,,,,,,,,,,,,,,,,,,,,,,,,,,,,,,,,,
ABPAE33120,Bird,PASSERIFORMES,TYRANNIDAE,Empidonax difficilis,Pacific-slope Flycatcher,PSFL,PSFL,178348,FALSE,FALSE,Native Undetermined,Yes,,,1,9,,,1,,,,,,,1,,,,,,,,,1,,,,,,,,,,,
ABPAE33160,Bird,PASSERIFORMES,TYRANNIDAE,Empidonax occidentalis,Cordilleran Flycatcher,COFL,COFL,554255,TRUE,FALSE,Native Undetermined,Yes,,,1,9,,,1,,,,,,,,,,1,,1,,,,,1,,,1,,,,,,,
ABPAE35020,Bird,PASSERIFORMES,TYRANNIDAE,Sayornis phoebe,Eastern Phoebe,EAPH,EAPH,178329,TRUE,TRUE,Secure,Yes,1,1,9,1,1,9,1,,,,,,,,,,,,1,,,,,1,,,1,1,,,,,,
ABPAE35030,Bird,PASSERIFORMES,TYRANNIDAE,Sayornis saya,Say's Phoebe,SAPH,SAPH,178333,TRUE,TRUE,Secure,Yes,,9,9,9,9,1,,1,,,,,,,,,,,,,,,,1,,,,,,,,,,
ABPAE43070,Bird,PASSERIFORMES,TYRANNIDAE,Myiarchus crinitus,Great Crested Flycatcher,GCFL,GCFL,178309,FALSE,FALSE,Sensitive,Yes,,,,9,1,,1,,,,,,,,,,,,1,,,,1,,,,,,,,,,1,
ABPAE52050,Bird,PASSERIFORMES,TYRANNIDAE,Tyrannus verticalis,Western Kingbird,WEKI,WEKI,178287,TRUE,FALSE,Secure,Yes,,,,,9,1,,1,,,,,,,,,,,,,,,1,,,,,,,,,,,
ABPAE52060,Bird,PASSERIFORMES,TYRANNIDAE,Tyrannus tyrannus,Eastern Kingbird,EAKI,EAKI,178279,TRUE,TRUE,Secure,Yes,1,1,1,1,1,1,,,,,,1,,,,,,,1,,,,1,,,,,1,,,,,,
ABPAE52100,Bird,PASSERIFORMES,TYRANNIDAE,Tyrannus forficatus,Scissor-tailed Flycatcher,STFL,STFL,178293,FALSE,FALSE,Accidental/Vagrant NAmer,No,,,,,,,,,,,,,,,,,,,,,,,,,,,,,,,,,,
ABPAT02010,Bird,PASSERIFORMES,ALAUDIDAE,Eremophila alpestris,Horned Lark,HOLA,HOLA,554256,TRUE,TRUE,Secure,Yes,,9,1,9,1,1,,1,,,,,,,,,,,,,,,,1,,,,,,,,,,
ABPAU01010,Bird,PASSERIFORMES,HIRUNDINIDAE,Progne subis,Purple Martin,PUMA,PUMA,178464,FALSE,FALSE,Sensitive,Yes,,1,,9,1,9,1,,,,,,,1,,,,,1,1,,,1,,,,,1,,,,,1,
ABPAU03010,Bird,PASSERIFORMES,HIRUNDINIDAE,Tachycineta bicolor,Tree Swallow,TRES,TRES,178431,TRUE,TRUE,Secure,Yes,1,1,1,1,1,1,1,,,,,,,,,,,,1,1,,,1,,,,1,1,,,,,,
ABPAU03040,Bird,PASSERIFORMES,HIRUNDINIDAE,Tachycineta thalassina,Violet-green Swallow,VGSW,VGSW,178427,TRUE,TRUE,Secure,Yes,,,1,9,9,9,1,,,,,,,,,,,,1,,,,1,,,,1,,,,,,,
ABPAU07010,Bird,PASSERIFORMES,HIRUNDINIDAE,Stelgidopteryx serripennis,Northern Rough-winged Swallow,NRWS,NRWS,178443,TRUE,TRUE,Secure,Yes,,9,1,1,1,1,,,,,1,,,,,,,,,,,1,1,,,,,,,,,,,
ABPAU08010,Bird,PASSERIFORMES,HIRUNDINIDAE,Riparia riparia,Bank Swallow,BANS,BANS,178436,TRUE,TRUE,Secure,Yes,1,1,1,1,1,1,,,,,1,,,,,,,,,,,1,1,,,,,1,,,,,,
ABPAU09010,Bird,PASSERIFORMES,HIRUNDINIDAE,Petrochelidon pyrrhonota,Cliff Swallow,CLSW,CLSW,178455,TRUE,TRUE,Secure,Yes,1,1,1,1,1,1,,,,,1,,,,,,,,,,,1,1,,,,,1,,,,,,
ABPAU09030,Bird,PASSERIFORMES,HIRUNDINIDAE,Hirundo rustica,Barn Swallow,BARS,BARS,178448,TRUE,TRUE,Secure,Yes,1,1,1,1,1,1,,,,,,1,,,,,,,,,,,1,,,,,1,,,,,,
ABPAV01010,Bird,PASSERIFORMES,CORVIDAE,Perisoreus canadensis,Gray Jay,GRJA,GRAJ,179667,TRUE,TRUE,Secure,Yes,1,1,1,1,9,,1,,,,,,,,,,,,1,,,,,,1,,,1,,,,,,
ABPAV02010,Bird,PASSERIFORMES,CORVIDAE,Cyanocitta stelleri,Steller's Jay,STJA,STJA,179685,FALSE,FALSE,Secure,Yes,,,1,9,,,1,,,,,,,,,,,,,,,,,,1,,,1,,,,,,
ABPAV02020,Bird,PASSERIFORMES,CORVIDAE,Cyanocitta cristata,Blue Jay,BLJA,BLJA,179680,TRUE,TRUE,Secure,Yes,,1,9,1,1,9,1,,,,,,,,,,,,1,,,,,,1,,,1,,,,,,
ABPAV08010,Bird,PASSERIFORMES,CORVIDAE,Nucifraga columbiana,Clark's Nutcracker,CLNU,CLNU,179750,FALSE,FALSE,Secure,Yes,,,1,9,,,1,,,,,,,,,,,,1,,,,,,1,,,1,,,,,,
ABPAV09010,Bird,PASSERIFORMES,CORVIDAE,Pica hudsonia,Black-billed Magpie,BBMA,BBMA,726117,TRUE,TRUE,Secure,Yes,,,,,1,9,,,,,,1,,,,,,,1,,,,,,1,,,1,,,,,,1
ABPAV10010,Bird,PASSERIFORMES,CORVIDAE,Corvus brachyrhynchos,American Crow,AMCR,AMCR,179731,TRUE,TRUE,Secure,Yes,,9,9,9,1,1,,,,,,1,,,,,,,1,,,,,1,,,,1,,,,,,
ABPAV10110,Bird,PASSERIFORMES,CORVIDAE,Corvus corax,Common Raven,CORA,CORA,179725,TRUE,TRUE,Secure,Yes,1,1,1,1,9,,,,,,,1,,,,,,,,,,,,,1,,,,,,,,,
ABPAW01010,Bird,PASSERIFORMES,PARIDAE,Poecile atricapilla,Black-capped Chickadee,BCCH,BCCH,554382,FALSE,TRUE,Secure,Yes,1,1,1,1,1,1,1,,,,,,,,,,,,,1,,,,,1,,,1,,,,,,
ABPAW01040,Bird,PASSERIFORMES,PARIDAE,Poecile gambeli,Mountain Chickadee,MOCH,MOCH,554385,TRUE,TRUE,Secure,Yes,,,1,9,9,,1,,,,,,,,,,,,,1,,,,,1,,,,,,,,,
ABPAW01060,Bird,PASSERIFORMES,PARIDAE,Poecile hudsonica,Boreal Chickadee,BOCH,BOCH,726112,TRUE,TRUE,Secure,Yes,1,1,1,1,1,,1,,,,,,,1,1,,,,,1,,,,,1,,,,,,,,,
ABPAW01070,Bird,PASSERIFORMES,PARIDAE,Poecile rufescens,Chestnut-backed Chickadee,CBCH,CBCH,554387,FALSE,FALSE,Accidental/Vagrant NAmer,No,,,,,,,,,,,,,,,,,,,,,,,,,,,,,,,,,,
ABPAZ01010,Bird,PASSERIFORMES,SITTIDAE,Sitta canadensis,Red-breasted Nuthatch,RBNU,RBNU,178784,TRUE,TRUE,Secure,Yes,1,1,1,1,1,9,1,,,,,,,1,1,,,1,,1,,,,,1,,,,,,,,,
ABPAZ01020,Bird,PASSERIFORMES,SITTIDAE,Sitta carolinensis,White-breasted Nuthatch,WBNU,WBNU,178775,TRUE,TRUE,Secure,Yes,,1,9,1,1,9,1,,,,,,,1,,,,,1,1,,,,,1,,,,,,,,,
ABPAZ01030,Bird,PASSERIFORMES,SITTIDAE,Sitta pygmaea,Pygmy Nuthatch,PYNU,PYNU,178788,FALSE,FALSE,Accidental/Vagrant NAmer,No,,,,,,,,,,,,,,,,,,,,,,,,,,,,,,,,,,
ABPBA01010,Bird,PASSERIFORMES,CERTHIIDAE,Certhia americana,Brown Creeper,BRCR,BRCR,178803,TRUE,TRUE,Native Undetermined,Yes,1,1,1,1,1,,1,,,,,,,1,1,,,1,,,,,,,1,,,,,,,,,
ABPBG03010,Bird,PASSERIFORMES,TROGLODYTIDAE,Salpinctes obsoletus,Rock Wren,ROWR,ROWR,178614,FALSE,FALSE,Secure,Yes,,,9,,9,1,,,,,,,,,,,,,,,,,,1,,1,,,,,,,,
ABPBG06130,Bird,PASSERIFORMES,TROGLODYTIDAE,Thryothorus ludovicianus,Carolina Wren,CARW,CARW,178581,FALSE,FALSE,Accidental/Vagrant NAmer,No,,,,,,,,,,,,,,,,,,,,,,,,,,,,,,,,,,
ABPBG09010,Bird,PASSERIFORMES,TROGLODYTIDAE,Troglodytes aedon,House Wren,HOWR,HOWR,178541,TRUE,TRUE,Secure,Yes,,1,1,1,1,1,,,,,,1,,,,,,,1,1,,,1,,,,,1,,,,,,
ABPBG09050,Bird,PASSERIFORMES,TROGLODYTIDAE,Troglodytes troglodytes,Winter Wren,WIWR,WIWR,178547,TRUE,TRUE,Secure,Yes,,1,1,1,,,1,,,,,,,1,1,,,1,,,,,,1,,,,,,,,,,1
ABPBG10010,Bird,PASSERIFORMES,TROGLODYTIDAE,Cistothorus platensis,Sedge Wren,SEWR,SEWR,178605,FALSE,FALSE,Sensitive,Yes,,1,,,1,,,,,,1,,,,,,,,,,1,,1,,,,1,,,,,,1,
ABPBG10020,Bird,PASSERIFORMES,TROGLODYTIDAE,Cistothorus palustris,Marsh Wren,MAWR,MAWR,178608,TRUE,TRUE,Secure,Yes,,1,9,9,1,1,,,,,1,,,,,,,,,,1,,,1,,,1,,,,,,,
ABPBH01010,Bird,PASSERIFORMES,CINCLIDAE,Cinclus mexicanus,American Dipper,AMDI,AMDI,178536,TRUE,FALSE,Secure,Yes,,,1,9,,,,,,,1,,,,,,,,,,1,,,1,,,1,,,,,,,
ABPBJ05010,Bird,PASSERIFORMES,REGULIDAE,Regulus satrapa,Golden-crowned Kinglet,GCKI,GCKI,179865,TRUE,TRUE,Secure,Yes,1,1,1,1,9,,1,,,,,,,1,1,,,1,,,,,,1,,,,,,,,,,
ABPBJ05020,Bird,PASSERIFORMES,REGULIDAE,Regulus calendula,Ruby-crowned Kinglet,RCKI,RCKI,179870,TRUE,TRUE,Secure,Yes,1,1,1,1,1,,1,,,,,,,1,,,,,,,,,,1,,,,,,,,,,
ABPBJ08010,Bird,PASSERIFORMES,SYLVIIDAE,Polioptila caerulea,Blue-gray Gnatcatcher,BGGN,BGGN,179853,FALSE,FALSE,Accidental/Vagrant NAmer,No,,,,,,,,,,,,,,,,,,,,,,,,,,,,,,,,,,
ABPBJ14010,Bird,PASSERIFORMES,TURDIDAE,Oenanthe oenanthe,Northern Wheatear,NOWH,NOWH,179814,FALSE,FALSE,Accidental/Vagrant NAmer,No,,,,,,,,,,,,,,,,,,,,,,,,,,,,,,,,,,
ABPBJ15010,Bird,PASSERIFORMES,TURDIDAE,Sialia sialis,Eastern Bluebird,EABL,EABL,179801,FALSE,FALSE,Secure,Yes,,,,,9,,1,,,,,,,,,,,,1,1,,,,1,,,,1,,,,,,
ABPBJ15020,Bird,PASSERIFORMES,TURDIDAE,Sialia mexicana,Western Bluebird,WEBL,WEBL,179806,TRUE,FALSE,Secure,Yes,,,9,,9,,1,,,,,,,,,,,,1,1,,,,1,,,,1,,,,,,
ABPBJ15030,Bird,PASSERIFORMES,TURDIDAE,Sialia currucoides,Mountain Bluebird,MOBL,MOBL,179811,TRUE,TRUE,Secure,Yes,1,1,1,1,1,1,1,,,,,,,,,,,,1,1,,,,1,,,,,,,,,,1
ABPBJ16010,Bird,PASSERIFORMES,TURDIDAE,Myadestes townsendi,Townsend's Solitaire,TOSO,TOSO,179824,TRUE,FALSE,Secure,Yes,,,1,1,,,1,,,,,,,,,,1,,1,,,,,1,,,,,,,,,,
ABPBJ18080,Bird,PASSERIFORMES,TURDIDAE,Catharus fuscescens,Veery,VEER,VEER,179796,TRUE,TRUE,Secure,Yes,,1,9,9,1,9,1,,,,,,,,,,1,1,,,,,1,,,,,,,,,,,
ABPBJ18090,Bird,PASSERIFORMES,TURDIDAE,Catharus minimus,Gray-cheeked Thrush,GCTH,GCTH,179793,FALSE,FALSE,Native Undetermined,Yes,,,9,,,,1,,,,,,,,,,1,,,,,,1,,,,,,,,,,,
ABPBJ18100,Bird,PASSERIFORMES,TURDIDAE,Catharus ustulatus,Swainson's Thrush,SWTH,SWTH,179788,TRUE,TRUE,Secure,Yes,1,1,1,1,1,9,1,,,,,,,1,1,,,1,1,,,,1,,,,,,,,,,,
ABPBJ18110,Bird,PASSERIFORMES,TURDIDAE,Catharus guttatus,Hermit Thrush,HETH,HETH,179779,TRUE,TRUE,Secure,Yes,1,1,1,1,1,,1,,,,,,,,,,,1,,,,,,1,,,,,,,,,,
ABPBJ19010,Bird,PASSERIFORMES,TURDIDAE,Hylocichla mustelina,Wood Thrush,WOTH,WOTH,179777,FALSE,FALSE,Accidental/Vagrant NAmer,No,,,,,,,,,,,,,,,,,,,,,,,,,,,,,,,,,,
ABPBJ20170,Bird,PASSERIFORMES,TURDIDAE,Turdus migratorius,American Robin,AMRO,AMRO,179759,TRUE,TRUE,Secure,Yes,1,1,1,1,1,1,,,,,,1,,,,,,,1,,,,,1,,,,1,,,,,,
ABPBJ22010,Bird,PASSERIFORMES,TURDIDAE,Ixoreus naevius,Varied Thrush,VATH,VATH,179773,TRUE,TRUE,Secure,Yes,,,1,1,,,1,,,,,,,1,1,,,,,,,,,1,,,,,,,,,,
ABPBK01010,Bird,PASSERIFORMES,MIMIDAE,Dumetella carolinensis,Gray Catbird,GRCA,GRCA,178625,TRUE,TRUE,Secure,Yes,,1,9,,1,1,1,,,,,,,,,,1,,1,,,,,1,,,,1,,,,,,
ABPBK03010,Bird,PASSERIFORMES,MIMIDAE,Mimus polyglottos,Northern Mockingbird,NOMO,NOMO,178620,FALSE,FALSE,Secure,Yes,,,,,9,1,1,,,,,,,,,,,,1,,,,,,1,,,1,,,,,,
ABPBK04010,Bird,PASSERIFORMES,MIMIDAE,Oreoscoptes montanus,Sage Thrasher,SATH,SATH,178654,FALSE,FALSE,Native Undetermined,Yes,,,,,,9,,1,,,,,,,,,,,,,,,,1,,,,,,,,,,
ABPBK06010,Bird,PASSERIFORMES,MIMIDAE,Toxostoma rufum,Brown Thrasher,BRTH,BRTH,178627,TRUE,FALSE,Secure,Yes,,9,9,,1,1,1,,,,,,,,,,1,,1,,,,,1,,,,1,,,,,,
ABPBK06050,Bird,PASSERIFORMES,MIMIDAE,Toxostoma bendirei,Bendire's Thrasher,BETH,BETH,178636,FALSE,FALSE,Accidental/Vagrant NAmer,No,,,,,,,,,,,,,,,,,,,,,,,,,,,,,,,,,,
ABPBK06070,Bird,PASSERIFORMES,MIMIDAE,Toxostoma curvirostre,Curve-billed Thrasher,CBTH,CBTH,178637,FALSE,FALSE,Accidental/Vagrant NAmer,No,,,,,,,,,,,,,,,,,,,,,,,,,,,,,,,,,,
ABPBM02050,Bird,PASSERIFORMES,MOTACILLIDAE,Anthus rubescens,American Pipit,AMPI,AMPI,554127,TRUE,TRUE,Secure,Yes,,,1,9,,,,,1,,,,,,,,,,,,,,,1,,,,,,,,,,
ABPBM02060,Bird,PASSERIFORMES,MOTACILLIDAE,Anthus spragueii,Sprague's Pipit,SPPI,SPPI,178499,TRUE,TRUE,Sensitive,Yes,,9,9,9,1,1,,,,,1,,,,,,,,,,1,,,1,,,1,,,,,,1,1
ABPBN01010,Bird,PASSERIFORMES,BOMBYCILLIDAE,Bombycilla garrulus,Bohemian Waxwing,BOWA,BOWA,178529,TRUE,TRUE,Secure,Yes,1,1,1,1,9,,1,,,,,,,,,,,,1,,,,,1,,,,,,,,,,1
ABPBN01020,Bird,PASSERIFORMES,BOMBYCILLIDAE,Bombycilla cedrorum,Cedar Waxwing,CEDW,CEDW,178532,TRUE,TRUE,Secure,Yes,1,1,1,1,1,1,1,,,,,,,,,,1,,1,,,,,1,,,,1,,,,,,
ABPBR01020,Bird,PASSERIFORMES,LANIIDAE,Lanius excubitor,Northern Shrike,NSHR,NSHR,178511,FALSE,FALSE,Secure,Yes,,9,,,9,,1,,,,,,,,,,,,1,,,,,1,,,,,,,1,,,
ABPBR01030,Bird,PASSERIFORMES,LANIIDAE,Lanius ludovicianus,Loggerhead Shrike,LOSH,LOSH,178515,FALSE,FALSE,Sensitive,Yes,,9,,,9,1,,1,,,,,,,,,,,,,,,,1,,,,,,,,,1,
ABPBT01010,Bird,PASSERIFORMES,STURNIDAE,Sturnus vulgaris,European Starling,EUST,EUST,179637,TRUE,TRUE,Exotic/Alien EurAsia,Yes,,,,,,,,,,,,,1,,,,,,,1,,,,1,,,,1,,,,,,
ABPBW01160,Bird,PASSERIFORMES,VIREONIDAE,Vireo solitarius,Blue-headed (Solitary) Vireo,BHVI,BHVI,179010,TRUE,TRUE,Secure,Yes,1,1,1,1,1,,1,,,,,,,1,1,,,,,,,,,1,,,,,,,,,,
ABPBW01210,Bird,PASSERIFORMES,VIREONIDAE,Vireo gilvus,Warbling Vireo,WAVI,WAVI,179023,TRUE,TRUE,Secure,Yes,1,1,1,1,1,1,1,,,,,,,1,,,,,1,,,,1,,,,,1,,,,,,
ABPBW01230,Bird,PASSERIFORMES,VIREONIDAE,Vireo philadelphicus,Philadelphia Vireo,PHVI,PHVI,179022,TRUE,TRUE,Secure,Yes,1,1,9,1,1,9,1,,,,,,,1,,,,,,,,,1,,,,,,,,,,,1
ABPBW01240,Bird,PASSERIFORMES,VIREONIDAE,Vireo olivaceus,Red-eyed Vireo,REVI,REVI,179021,TRUE,TRUE,Secure,Yes,1,1,1,1,1,1,1,,,,,,,,,,1,,,,,,1,,,,,,,,,,,
ABPBW01280,Bird,PASSERIFORMES,VIREONIDAE,Vireo plumbeus,Plumbeous Vireo,PLVI,PLVI,554477,FALSE,FALSE,Accidental/Vagrant NAmer,No,,,,,,,,,,,,,,,,,,,,,,,,,,,,,,,,,,
ABPBW01290,Bird,PASSERIFORMES,VIREONIDAE,Vireo cassinii,Cassin's Vireo,CAVI,CAVI,554456,FALSE,FALSE,Native Undetermined,Yes,,,1,9,,,1,,,,,,,,,,,,,,,,,1,,,,,,,,,,
ABPBX01020,Bird,PASSERIFORMES,PARULIDAE,Vermivora pinus,Blue-winged Warbler,BWWA,BWWA,178853,FALSE,FALSE,Accidental/Vagrant NAmer,No,,,,,,,,,,,,,,,,,,,,,,,,,,,,,,,,,,
ABPBX01030,Bird,PASSERIFORMES,PARULIDAE,Vermivora chrysoptera,Golden-winged Warbler,GWWA,GWWA,178852,FALSE,FALSE,Accidental/Vagrant NAmer,No,,,,,,,,,,,,,,,,,,,,,,,,,,,,,,,,,,
ABPBX01040,Bird,PASSERIFORMES,PARULIDAE,Vermivora peregrina,Tennessee Warbler,TEWA,TEWA,178855,TRUE,TRUE,Secure,Yes,1,1,1,1,1,9,1,,,,,,,,,,1,,1,,,,1,,,,,,,,,,,1
ABPBX01050,Bird,PASSERIFORMES,PARULIDAE,Vermivora celata,Orange-crowned Warbler,OCWA,OCWA,178856,TRUE,TRUE,Secure,Yes,1,1,1,1,1,9,1,,,,,,,,,,,,1,,,,,1,,,1,,,,,,,
ABPBX01060,Bird,PASSERIFORMES,PARULIDAE,Vermivora ruficapilla,Nashville Warbler,NAWA,NAWA,178861,FALSE,FALSE,Secure,Yes,,,9,,,,1,,,,,,,,,,1,,1,,,,1,,,,,,,,,,,
ABPBX02010,Bird,PASSERIFORMES,PARULIDAE,Parula americana,Northern Parula,NOPA,NOPA,178868,FALSE,FALSE,Accidental/Vagrant NAmer,No,,,,,,,,,,,,,,,,,,,,,,,,,,,,,,,,,,
ABPBX03010,Bird,PASSERIFORMES,PARULIDAE,Dendroica petechia,Yellow Warbler,YWAR,YEWA,178878,TRUE,TRUE,Secure,Yes,1,1,1,1,1,1,1,,,,,,,,,,,,1,,,,1,,,,1,1,,,,,,
ABPBX03020,Bird,PASSERIFORMES,PARULIDAE,Dendroica pensylvanica,Chestnut-sided Warbler,CSWA,CSWA,178911,TRUE,TRUE,Secure,Yes,,1,,,,,1,,,,,,,,,,1,,1,,,,1,,,,,,,,,,,
ABPBX03030,Bird,PASSERIFORMES,PARULIDAE,Dendroica magnolia,Magnolia Warbler,MAWA,MAWA,178886,TRUE,TRUE,Secure,Yes,1,1,9,1,,,1,,,,,,,1,,,,1,,,,,1,,,,,,,,,,,1
ABPBX03040,Bird,PASSERIFORMES,PARULIDAE,Dendroica tigrina,Cape May Warbler,CMWA,CMWA,178887,TRUE,TRUE,Sensitive,Yes,,1,,9,,,1,,,,,,,1,1,,,,,,,,1,,,,,,,,,,1,1
ABPBX03050,Bird,PASSERIFORMES,PARULIDAE,Dendroica caerulescens,Black-throated Blue Warbler,BTBW,BTBW,178888,FALSE,FALSE,Accidental/Vagrant NAmer,No,,,,,,,,,,,,,,,,,,,,,,,,,,,,,,,,,,
ABPBX03060,Bird,PASSERIFORMES,PARULIDAE,Dendroica coronata,Yellow-rumped Warbler,YRWA,YRWA,178891,TRUE,TRUE,Secure,Yes,1,1,1,1,1,9,1,,,,,,,1,,,,1,,,,,,1,,,,,,,,,,
ABPBX03070,Bird,PASSERIFORMES,PARULIDAE,Dendroica nigrescens,Black-throated Gray Warbler,BTYW,BTYW,178896,FALSE,FALSE,Accidental/Vagrant NAmer,No,,,,,,,,,,,,,,,,,,,,,,,,,,,,,,,,,,
ABPBX03080,Bird,PASSERIFORMES,PARULIDAE,Dendroica townsendi,Townsend's Warbler,TOWA,TOWA,178897,FALSE,FALSE,Secure,Yes,,,1,,,,1,,,,,,,1,,,,,,,,,1,,,,,,,,,,,
ABPBX03100,Bird,PASSERIFORMES,PARULIDAE,Dendroica virens,Black-throated Green Warbler,BTNW,BTNW,178898,TRUE,TRUE,Sensitive,Yes,1,1,,9,,,1,,,,,,,1,1,,,1,,,,,1,,,,,,,,,,1,1
ABPBX03120,Bird,PASSERIFORMES,PARULIDAE,Dendroica fusca,Blackburnian Warbler,BLBW,BLBW,178904,FALSE,FALSE,Sensitive,Yes,,1,,,,,1,,,,,,,1,1,,,1,,,,,1,,,,,,,,,,1,
ABPBX03170,Bird,PASSERIFORMES,PARULIDAE,Dendroica pinus,Pine Warbler,PIWA,PIWA,178914,FALSE,FALSE,Accidental/Vagrant NAmer,No,,,,,,,,,,,,,,,,,,,,,,,,,,,,,,,,,,
ABPBX03210,Bird,PASSERIFORMES,PARULIDAE,Dendroica palmarum,Palm Warbler,PAWA,PAWA,178921,TRUE,TRUE,Secure,Yes,1,1,,9,9,,,,,1,,,,,,,,,1,,,,1,,,,1,,,,,,,1
ABPBX03220,Bird,PASSERIFORMES,PARULIDAE,Dendroica castanea,Bay-breasted Warbler,BBWA,BBWA,178912,TRUE,TRUE,Sensitive,Yes,,1,,9,,,1,,,,,,,1,1,,,,,,,,1,,,,,,,,,,1,1
ABPBX03230,Bird,PASSERIFORMES,PARULIDAE,Dendroica striata,Blackpoll Warbler,BLPW,BLPW,178913,TRUE,TRUE,Secure,Yes,1,1,1,1,,,1,,,,,,,1,,,,,,,,,1,,,,,,,,,,,
ABPBX05010,Bird,PASSERIFORMES,PARULIDAE,Mniotilta varia,Black and White Warbler,BAWW,BAWW,178844,TRUE,TRUE,Secure,Yes,1,1,,9,9,,1,,,,,,,,,,,,,,,,1,,,,,,,,,,,
ABPBX06010,Bird,PASSERIFORMES,PARULIDAE,Setophaga ruticilla,American Redstart,AMRE,AMRE,178979,TRUE,TRUE,Secure,Yes,1,1,1,1,1,9,1,,,,,,,,,,1,,1,,,,1,,,,,,,,,,,
ABPBX10010,Bird,PASSERIFORMES,PARULIDAE,Seiurus aurocapillus,Ovenbird,OVEN,OVEN,726205,FALSE,TRUE,Secure,Yes,1,1,1,1,1,,1,,,,,,,,,,,1,,,,,1,,,,,,,,,,,
ABPBX10020,Bird,PASSERIFORMES,PARULIDAE,Seiurus noveboracensis,Northern Waterthrush,NOWA,NOWA,178931,TRUE,TRUE,Secure,Yes,1,1,1,1,9,,1,,,,,,,1,,,,,1,,,,1,,,,1,,,,,,,
ABPBX11010,Bird,PASSERIFORMES,PARULIDAE,Oporornis formosus,Kentucky Warbler,KEWA,KEWA,178937,FALSE,FALSE,Accidental/Vagrant NAmer,No,,,,,,,,,,,,,,,,,,,,,,,,,,,,,,,,,,
ABPBX11020,Bird,PASSERIFORMES,PARULIDAE,Oporornis agilis,Connecticut Warbler,CONW,CONW,178938,TRUE,TRUE,Secure,Yes,,1,9,1,1,,1,,,,,,,,,,1,,,,,,1,,,,,,,,,,,1
ABPBX11030,Bird,PASSERIFORMES,PARULIDAE,Oporornis philadelphia,Mourning Warbler,MOWA,MOWA,178939,TRUE,TRUE,Secure,Yes,1,1,,1,1,,1,,,,,,,,,,1,,1,,,,1,,,,,,,,,,,1
ABPBX11040,Bird,PASSERIFORMES,PARULIDAE,Oporornis tolmiei,MacGillivray's Warbler,MGWA,MGWA,178940,FALSE,FALSE,Secure,Yes,,,1,9,9,,1,,,,,,,,,,1,,1,,,,,1,,,1,,,,,,,
ABPBX12010,Bird,PASSERIFORMES,PARULIDAE,Geothlypis trichas,Common Yellowthroat,COYE,COYE,178944,TRUE,TRUE,Secure,Yes,1,1,1,1,1,1,,,,,1,,,,,,,,,,1,,,1,,,1,,,,,,,
ABPBX16010,Bird,PASSERIFORMES,PARULIDAE,Wilsonia citrina,Hooded Warbler,HOWA,HOWA,178972,FALSE,FALSE,Accidental/Vagrant NAmer,No,,,,,,,,,,,,,,,,,,,,,,,,,,,,,,,,,,
ABPBX16020,Bird,PASSERIFORMES,PARULIDAE,Wilsonia pusilla,Wilson's Warbler,WIWA,WIWA,178973,TRUE,TRUE,Secure,Yes,1,1,1,1,9,,1,,,,,,,,,,,,1,,,,1,,,,1,,,,,,,
ABPBX16030,Bird,PASSERIFORMES,PARULIDAE,Wilsonia canadensis,Canada Warbler,CAWA,CAWA,178977,TRUE,TRUE,Sensitive,Yes,1,1,,9,9,,1,,,,,,,,,,1,,1,,,,1,,,,1,,,,,,1,1
ABPBX24010,Bird,PASSERIFORMES,PARULIDAE,Icteria virens,Yellow-breasted Chat,YBCH,YBCH,178964,FALSE,FALSE,Secure,Yes,,,,,,1,1,,,,,,,,,,,,1,,,,1,,,,1,,,,,,,
ABPBX45030,Bird,PASSERIFORMES,THRAUPIDAE,Piranga rubra,Summer Tanager,SUTA,SUTA,179888,FALSE,FALSE,Accidental/Vagrant NAmer,No,,,,,,,,,,,,,,,,,,,,,,,,,,,,,,,,,,
ABPBX45040,Bird,PASSERIFORMES,THRAUPIDAE,Piranga olivacea,Scarlet Tanager,SCTA,SCTA,179883,FALSE,FALSE,Accidental/Vagrant NAmer,No,,,,,,,,,,,,,,,,,,,,,,,,,,,,,,,,,,
ABPBX45050,Bird,PASSERIFORMES,THRAUPIDAE,Piranga ludoviciana,Western Tanager,WETA,WETA,179882,TRUE,TRUE,Sensitive,Yes,1,1,1,1,1,,1,,,,,,,1,1,,,1,,,,,1,,,,,,,,,,1,1
ABPBX60010,Bird,PASSERIFORMES,CARDINALIDAE,Cardinalis cardinalis,Northern Cardinal,NOCA,NOCA,179124,FALSE,FALSE,Accidental/Vagrant NAmer,No,,,,,,,,,,,,,,,,,,,,,,,,,,,,,,,,,,
ABPBX61030,Bird,PASSERIFORMES,CARDINALIDAE,Pheucticus ludovicianus,Rose-breasted Grosbeak,RBGR,RBGR,179139,TRUE,TRUE,Secure,Yes,1,1,9,1,1,,1,,,,,,,1,,,,,1,,,,1,,,,,,,,,,,1
ABPBX61040,Bird,PASSERIFORMES,CARDINALIDAE,Pheucticus melanocephalus,Black-headed Grosbeak,BHGR,BHGR,179140,FALSE,FALSE,Secure,Yes,,,9,,,9,1,,,,,,,1,,,,,1,,,,1,,,,,,,,,,,
ABPBX64020,Bird,PASSERIFORMES,CARDINALIDAE,Passerina amoena,Lazuli Bunting,LAZB,LAZB,179151,FALSE,FALSE,Secure,Yes,,,9,9,9,9,1,,,,,,,,,,,,1,,,,1,,,,1,,,,,,,
ABPBX64030,Bird,PASSERIFORMES,CARDINALIDAE,Passerina cyanea,Indigo Bunting,INBU,INBU,179150,FALSE,FALSE,Accidental/Vagrant NAmer,No,,,,,,,,,,,,,,,,,,,,,,,,,,,,,,,,,,
ABPBX64060,Bird,PASSERIFORMES,CARDINALIDAE,Passerina ciris,Painted Bunting,PABU,PABU,179156,FALSE,FALSE,Accidental/Vagrant NAmer,No,,,,,,,,,,,,,,,,,,,,,,,,,,,,,,,,,,
ABPBX65010,Bird,PASSERIFORMES,CARDINALIDAE,Spiza americana,Dickcissel,DICK,DICK,179165,FALSE,FALSE,Accidental/Vagrant NAmer,No,,,,,,,,,,,,,,,,,,,,,,,,,,,,,,,,,,
ABPBX74010,Bird,PASSERIFORMES,EMBERIZIDAE,Pipilo chlorurus,Green-tailed Towhee,GTTO,GTTO,179310,FALSE,FALSE,Accidental/Vagrant NAmer,No,,,,,,,,,,,,,,,,,,,,,,,,,,,,,,,,,,
ABPBX74030,Bird,PASSERIFORMES,EMBERIZIDAE,Pipilo erythrophthalmus,Eastern Towhee,EATO,EATO,179276,FALSE,FALSE,Accidental/Vagrant NAmer,No,,,,,,,,,,,,,,,,,,,,,,,,,,,,,,,,,,
ABPBX74080,Bird,PASSERIFORMES,EMBERIZIDAE,Pipilo maculatus,Spotted Towhee,SPTO,SPTO,554380,FALSE,FALSE,Secure,Yes,,,,,9,1,1,,,,,,,,,,1,,,,,,,1,,,1,,,,,,,
ABPBX91070,Bird,PASSERIFORMES,EMBERIZIDAE,Aimophila cassinii,Cassin's Sparrow,CASP,CASP,179393,FALSE,FALSE,Accidental/Vagrant NAmer,No,,,,,,,,,,,,,,,,,,,,,,,,,,,,,,,,,,
ABPBX94010,Bird,PASSERIFORMES,EMBERIZIDAE,Spizella arborea,American Tree Sparrow,ATSP,ATSP,179432,FALSE,FALSE,Secure,Yes,,9,,,9,,,,,,1,,,,,,,,1,,1,,,1,,,1,,,,,,,
ABPBX94020,Bird,PASSERIFORMES,EMBERIZIDAE,Spizella passerina,Chipping Sparrow,CHSP,CHSP,179435,TRUE,TRUE,Secure,Yes,1,1,1,1,1,1,1,,,,,,,,,,1,,1,,,,,1,,,,1,,,,,,
ABPBX94030,Bird,PASSERIFORMES,EMBERIZIDAE,Spizella pallida,Clay-colored Sparrow,CCSP,CCSP,179439,TRUE,TRUE,Secure,Yes,1,1,1,1,1,1,,1,,,,,,,,,,,,,,,1,,,,,,,,,,,1
ABPBX94040,Bird,PASSERIFORMES,EMBERIZIDAE,Spizella breweri,Brewer's Sparrow,BRSP,BRSP,179440,TRUE,FALSE,Sensitive,Yes,,,1,,,1,,1,,,,,,,,,,,,,,,,1,,,,1,,,,,1,
ABPBX94050,Bird,PASSERIFORMES,EMBERIZIDAE,Spizella pusilla,Field Sparrow,FISP,FISP,179443,FALSE,FALSE,Accidental/Vagrant NAmer,No,,,,,,,,,,,,,,,,,,,,,,,,,,,,,,,,,,
ABPBX95010,Bird,PASSERIFORMES,EMBERIZIDAE,Pooecetes gramineus,Vesper Sparrow,VESP,VESP,179366,TRUE,TRUE,Secure,Yes,9,1,1,9,1,1,,1,,,,,,,,,,,,,,,,1,,,,,,,,,,
ABPBX96010,Bird,PASSERIFORMES,EMBERIZIDAE,Chondestes grammacus,Lark Sparrow,LASP,LASP,179371,TRUE,TRUE,Secure,Yes,,,,,9,1,,1,,,,,,,,,,,,,,,,1,,,,,,,,,,
ABPBX97010,Bird,PASSERIFORMES,EMBERIZIDAE,Amphispiza bilineata,Black-throated Sparrow,BTSP,BTSP,179395,FALSE,FALSE,Accidental/Vagrant NAmer,No,,,,,,,,,,,,,,,,,,,,,,,,,,,,,,,,,,
ABPBX98010,Bird,PASSERIFORMES,EMBERIZIDAE,Calamospiza melanocorys,Lark Bunting,LARB,LARB,179312,FALSE,FALSE,Sensitive,Yes,,,,,9,1,,1,,,,,,,,,,,,,,,,1,,,,,,,,,1,
ABPBX99010,Bird,PASSERIFORMES,EMBERIZIDAE,Passerculus sandwichensis,Savannah Sparrow,SAVS,SAVS,179314,TRUE,TRUE,Secure,Yes,1,1,1,1,1,1,,1,,,,,,,,,,,,,,,,1,,,,1,,,,,,
ABPBXA0010,Bird,PASSERIFORMES,EMBERIZIDAE,Ammodramus bairdii,Baird's Sparrow,BASP,BAIS,179339,TRUE,TRUE,Sensitive,Yes,,,,,1,1,,1,,,,,,,,,,,,,,,,1,,,,,,,,,1,1
ABPBXA0020,Bird,PASSERIFORMES,EMBERIZIDAE,Ammodramus savannarum,Grasshopper Sparrow,GRSP,GRSP,179333,TRUE,TRUE,Sensitive,Yes,,,9,,9,1,,1,,,,,,,,,,,,,,,,1,,,,,,,,,1,
ABPBXA0040,Bird,PASSERIFORMES,EMBERIZIDAE,Ammodramus leconteii,Le Conte's Sparrow,LCSP,LCSP,179345,TRUE,TRUE,Secure,Yes,1,1,1,1,1,1,,1,,,,,,,,,,,,,,,,1,,,1,,,,,,,1
ABPBXA0070,Bird,PASSERIFORMES,EMBERIZIDAE,Ammodramus nelsoni,Nelson's Sharp-tailed Sparrow,NSTS,NESP,554031,TRUE,TRUE,Secure,Yes,9,1,,9,1,9,,,,,1,,,,,,,,,,1,,,1,,,1,,,,,,,
ABPBXA2010,Bird,PASSERIFORMES,EMBERIZIDAE,Passerella iliaca,Fox Sparrow,FOSP,FOSP,179464,TRUE,TRUE,Secure,Yes,1,1,1,1,9,,1,,,,,,,,,,,,1,,,,,1,,,,,,,,,,
ABPBXA3010,Bird,PASSERIFORMES,EMBERIZIDAE,Melospiza melodia,Song Sparrow,SOSP,SOSP,179492,TRUE,TRUE,Secure,Yes,1,1,1,1,1,1,1,,,,,,,,,,1,,1,,,,,1,,,,1,,,,,,
ABPBXA3020,Bird,PASSERIFORMES,EMBERIZIDAE,Melospiza lincolnii,Lincoln's Sparrow,LISP,LISP,179484,TRUE,TRUE,Secure,Yes,1,1,1,1,1,9,,,,,1,,,,,,,,1,,1,,,1,,,1,,,,,,,
ABPBXA3030,Bird,PASSERIFORMES,EMBERIZIDAE,Melospiza georgiana,Swamp Sparrow,SWSP,SWSP,179488,TRUE,TRUE,Secure,Yes,1,1,9,1,1,,,,,,1,,,,,,,,,,1,,,1,,,1,,,,,,,
ABPBXA4020,Bird,PASSERIFORMES,EMBERIZIDAE,Zonotrichia albicollis,White-throated Sparrow,WTSP,WTSP,179462,TRUE,TRUE,Secure,Yes,1,1,1,1,1,9,1,,,,,,,,,,,,1,,,,,1,,,,,,,,,,1
ABPBXA4030,Bird,PASSERIFORMES,EMBERIZIDAE,Zonotrichia atricapilla,Golden-crowned Sparrow,GCSP,GCSP,179461,FALSE,FALSE,Secure,Yes,,,1,,,,1,,,,,,,,,,,,1,,,,,1,,,,,,,,,,
ABPBXA4040,Bird,PASSERIFORMES,EMBERIZIDAE,Zonotrichia leucophrys,White-crowned Sparrow,WCSP,WCSP,179455,TRUE,TRUE,Secure,Yes,9,9,1,1,9,9,1,,,,,,,,,,,,1,,,,,1,,,,,,,,,,
ABPBXA4050,Bird,PASSERIFORMES,EMBERIZIDAE,Zonotrichia querula,Harris' Sparrow,HASP,HASP,179454,FALSE,TRUE,Secure Migrant,Migrant,,,,,,,,,,,,,,,,,,,,,,,,1,,,,,,,,,,
ABPBXA5020,Bird,PASSERIFORMES,EMBERIZIDAE,Junco hyemalis,Dark-eyed Junco,DEJU,DEJU,179410,TRUE,TRUE,Secure,Yes,1,1,1,1,1,9,1,,,,,,,,,,1,,1,,,,,1,,,,,,,,,,
ABPBXA6010,Bird,PASSERIFORMES,EMBERIZIDAE,Calcarius mccownii,McCown's Longspur,MCLO,MCLO,179525,TRUE,TRUE,Secure,Yes,,,,,9,1,,1,,,,,,,,,,,,,,,,1,,,,,,,,,,1
ABPBXA6020,Bird,PASSERIFORMES,EMBERIZIDAE,Calcarius lapponicus,Lapland Longspur,LALO,LALO,179526,FALSE,FALSE,Secure Migrant,Migrant,,,,,,,,,,,,,,,,,,,,,,,,1,,,,,,,,,,
ABPBXA6030,Bird,PASSERIFORMES,EMBERIZIDAE,Calcarius pictus,Smith's Longspur,SMLO,SMLO,179529,FALSE,FALSE,Secure Migrant,Migrant,,,,,,,,,,,,,,,,,,,,,,,,1,,,,,,,,,,
ABPBXA6040,Bird,PASSERIFORMES,EMBERIZIDAE,Calcarius ornatus,Chestnut-collared Longspur,CCLO,CCLO,179530,TRUE,TRUE,Secure,Yes,,,,,9,1,,1,,,,,,,,,,,,,,,,1,,,,,,,,,,1
ABPBXA8010,Bird,PASSERIFORMES,EMBERIZIDAE,Plectrophenax nivalis,Snow Bunting,SNBU,SNBU,179532,FALSE,FALSE,Secure Migrant,Migrant,,,,,,,,,,,,,,,,,,,,,,,,1,,,,,,,,,,
ABPBXA9010,Bird,PASSERIFORMES,ICTERIDAE,Dolichonyx oryzivorus,Bobolink,BOBO,BOBO,179032,TRUE,TRUE,Sensitive,Yes,,9,,9,1,1,,1,,,,,,,,,,,,,,,1,,,,,1,,,,,1,
ABPBXB0010,Bird,PASSERIFORMES,ICTERIDAE,Agelaius phoeniceus,Red-winged Blackbird,RWBL,RWBL,179045,TRUE,TRUE,Secure,Yes,1,1,1,1,1,1,,,,,1,,,,,,,,,,1,,,1,,,1,1,,,,,,
ABPBXB2020,Bird,PASSERIFORMES,ICTERIDAE,Sturnella magna,Eastern Meadowlark,EAME,EAME,179034,TRUE,FALSE,Accidental/Vagrant NAmer,No,,,,,,,,,,,,,,,,,,,,,,,,,,,,,,,,,,
ABPBXB2030,Bird,PASSERIFORMES,ICTERIDAE,Sturnella neglecta,Western Meadowlark,WEME,WEME,179039,TRUE,TRUE,Secure,Yes,,1,1,1,1,1,,1,,,,,,,,,,,,,,,,1,,,,,,,,,,
ABPBXB3010,Bird,PASSERIFORMES,ICTERIDAE,Xanthocephalus xanthocephalus,Yellow-headed Blackbird,YHBL,YHBL,179043,TRUE,TRUE,Secure,Yes,9,1,9,9,1,1,,,,,1,,,,,,,,,,1,,1,,,,1,,,,,,,1
ABPBXB5010,Bird,PASSERIFORMES,ICTERIDAE,Euphagus carolinus,Rusty Blackbird,RUBL,RUBL,179091,TRUE,TRUE,Secure,Yes,1,1,9,1,1,9,,,,,1,,,,,,,,1,,1,,,1,,,1,,,,,,,
ABPBXB5020,Bird,PASSERIFORMES,ICTERIDAE,Euphagus cyanocephalus,Brewer's Blackbird,BRBL,BRBL,179094,TRUE,TRUE,Secure,Yes,1,1,1,1,1,1,,,,,1,,,,,,,,1,,1,,,1,,,1,1,,,,,,
ABPBXB6070,Bird,PASSERIFORMES,ICTERIDAE,Quiscalus quiscula,Common Grackle,COGR,COGR,179104,TRUE,TRUE,Secure,Yes,1,1,9,9,1,1,1,,,,,,,,,,,,1,,,,,1,,,,1,,,,,,
ABPBXB7030,Bird,PASSERIFORMES,ICTERIDAE,Molothrus ater,Brown-headed Cowbird,BHCO,BHCO,179112,TRUE,TRUE,Secure,Yes,1,1,1,1,1,1,1,,,,,,,,,,,,1,,,,,1,,,,1,,,,,,
ABPBXB9190,Bird,PASSERIFORMES,ICTERIDAE,Icterus galbula,Baltimore (Northern) Oriole,BAOR,BAOR,179083,TRUE,TRUE,Secure,Yes,,1,1,1,1,1,1,,,,,,,1,,,,,1,,,,1,,,,,,,,,,,
ABPBXB9220,Bird,PASSERIFORMES,ICTERIDAE,Icterus bullockii,Bullock's Oriole,BUOR,BUOR,554267,FALSE,FALSE,Native Undetermined,Yes,,,,,1,1,1,,,,,,,,,,,,1,,,,,1,,,,,,,,,,
ABPBY01020,Bird,PASSERIFORMES,FRINGILLIDAE,Fringilla montifringilla,Brambling,BRAM,BRAM,179167,FALSE,FALSE,Accidental/Vagrant EurAsia,No,,,,,,,,,,,,,,,,,,,,,,,,,,,,,,,,,,
ABPBY02030,Bird,PASSERIFORMES,FRINGILLIDAE,Leucosticte tephrocotis,Gray-crowned Rosy Finch,GCRF,GCRF,179215,FALSE,FALSE,Secure,Yes,,,1,,,,,,1,,,,,,,,,,,,,,,1,,,,,,,,,,
ABPBY03010,Bird,PASSERIFORMES,FRINGILLIDAE,Pinicola enucleator,Pine Grosbeak,PIGR,PIGR,179205,TRUE,FALSE,Secure,Yes,,9,1,1,,,1,,,,,,,,,,,,,,,,,,1,,,,,,,,,
ABPBY04020,Bird,PASSERIFORMES,FRINGILLIDAE,Carpodacus purpureus,Purple Finch,PUFI,PUFI,179186,TRUE,TRUE,Secure,Yes,1,1,1,1,1,9,1,,,,,,,1,,,,,,,,,,1,,,,1,,,,,,
ABPBY04030,Bird,PASSERIFORMES,FRINGILLIDAE,Carpodacus cassinii,Cassin's Finch,CAFI,CAFI,179190,FALSE,FALSE,Secure,Yes,,,9,,,,1,,,,,,,,,,,,,,,,,1,,,,,,,,,,
ABPBY04040,Bird,PASSERIFORMES,FRINGILLIDAE,Carpodacus mexicanus,House Finch,HOFI,HOFI,179191,FALSE,FALSE,Secure,Yes,,,,,,,,1,,,,1,,,,,,,1,,,,,1,,,,1,,,,,,
ABPBY05010,Bird,PASSERIFORMES,FRINGILLIDAE,Loxia curvirostra,Red Crossbill,RECR,RECR,179259,TRUE,TRUE,Secure,Yes,,9,1,1,9,,1,,,,,,,1,1,,,,,,,,,,1,,,,1,,,,,1
ABPBY05020,Bird,PASSERIFORMES,FRINGILLIDAE,Loxia leucoptera,White-winged Crossbill,WWCR,WWCR,179268,TRUE,TRUE,Secure,Yes,1,1,1,1,9,,1,,,,,,,1,1,,,,,,,,,,1,,,,1,,,,,
ABPBY06010,Bird,PASSERIFORMES,FRINGILLIDAE,Carduelis flammea,Common Redpoll,CORE,CORE,179230,FALSE,FALSE,Secure,Yes,,9,,9,9,,,,,,,1,,,,,,,1,,,,,,1,,,,,,,,,
ABPBY06020,Bird,PASSERIFORMES,FRINGILLIDAE,Carduelis hornemanni,Hoary Redpoll,HORE,HORE,179231,FALSE,FALSE,Secure Migrant,Migrant,1,1,1,1,1,,,,,,,,,,,,,,,,,,,,1,,,,,,,,,
ABPBY06030,Bird,PASSERIFORMES,FRINGILLIDAE,Carduelis pinus,Pine Siskin,PISI,PISI,179233,TRUE,TRUE,Secure,Yes,1,1,1,1,1,9,1,,,,,,,1,1,,,,,,,,,1,,,,,,,,,,
ABPBY06110,Bird,PASSERIFORMES,FRINGILLIDAE,Carduelis tristis,American Goldfinch,AMGO,AMGO,179236,TRUE,TRUE,Secure,Yes,,1,1,1,1,1,,1,,,,,,,,,,,,,,,,1,,,,,,,,,,
ABPBY09020,Bird,PASSERIFORMES,FRINGILLIDAE,Coccothraustes vespertinus,Evening Grosbeak,EVGR,EVGR,179173,TRUE,TRUE,Secure,Yes,,1,1,1,1,,1,,,,,,,1,,,,,1,,,,,,1,,,,,,,,,1
ABPBZ01010,Bird,PASSERIFORMES,PASSERIDAE,Passer domesticus,House Sparrow,HOSP,HOSP,179628,TRUE,TRUE,Exotic/Alien EurAsia,Yes,,,,,,,,,,,,,,,,,,,,,,,,,1,,,1,,,,,,
AFBAA02050,Fish,PETROMYZONTIFORMES,PETROMYZONTIDAE,Lampetra japonica,Arctic Lamprey,ARLM,ARLM,159701,FALSE,FALSE,Secure,Yes,,,,,,,,,,,,1,,,,,,,,,,,,,1,,,,,,,,,
AFC4E02020,Fish,SCORPAENIFORMES,COTTIDAE,Cottus asper,Prickly Sculpin,PRSC,PRSC,167233,FALSE,FALSE,Native Undetermined,Yes,,,,,,,,,,,,,,,,,,,,,,,,,1,,,,,,,,,
AFC4E02050,Fish,SCORPAENIFORMES,COTTIDAE,Cottus bairdi,Mottled Sculpin,MOSC,MOSC,167237,FALSE,FALSE,Native Undetermined,Yes,,,,,,,,,,,,,,,,,,,,,,,,,1,,,,,,,,,
AFC4E02080,Fish,SCORPAENIFORMES,COTTIDAE,Cottus cognatus,Slimy Sculpin,SLSC,SLSC,167232,FALSE,FALSE,Secure,Yes,,,,,,,,,,,,,,,,,,,,,,,,,1,,,,,,,,,
AFC4E02090,Fish,SCORPAENIFORMES,COTTIDAE,Cottus confusus,St. Mary River Shorthead Sculpin,SMSC,SMSC,167240,FALSE,FALSE,May Be At Risk,Yes,,,,,,,,,,,,,,,,,,,,,,,,,1,,,,,,,,1,
AFC4E02230,Fish,SCORPAENIFORMES,COTTIDAE,Cottus ricei,Spoonhead Sculpin,SPSC,SPSC,167253,FALSE,FALSE,May Be At Risk,Yes,,,,,,,,,,,,,,,,,,,,,,,,,1,,,,,,,,1,
AFC4E04020,Fish,SCORPAENIFORMES,COTTIDAE,Myoxocephalus thompsoni,Deepwater Sculpin,DPSC,DPSC,167323,FALSE,FALSE,Native Undetermined,Yes,,,,,,,,,,,,,,,,,,,,,,,,,1,,,,,,,,,
AFCAA01020,Fish,ACIPENSERIFORMES,ACIPENSERIDAE,Acipenser fulvescens,Lake Sturgeon,LKST,LKST,161071,FALSE,FALSE,Native Undetermined,Yes,,,,,,,,,,,,,,,,,,,,,,,,,1,,,,,,,,,
AFCGA01010,Fish,OSTEOGLOSSIFORMES,HIODONTIDAE,Hiodon alosoides,Goldeye,GOLD,GOLD,161905,TRUE,FALSE,Secure,Yes,,,,,,,,,,,,,,,,,,,,,,,,,1,,,,,,,,,
AFCGA01020,Fish,OSTEOGLOSSIFORMES,HIODONTIDAE,Hiodon tergisus,Mooneye,MOON,MOON,161906,FALSE,FALSE,Secure,Yes,,,,,,,,,,,,,,,,,,,,,,,,,1,,,,,,,,,
AFCHA01020,Fish,SALMONIFORMES,SALMONIDAE,Coregonus artedi,Cisco (Tullibee),CISC,CISC,623384,TRUE,FALSE,Secure,Yes,,,,,,,,,,,,,,,,,,,,,,,,,1,,,,,,,,,
AFCHA01040,Fish,SALMONIFORMES,SALMONIDAE,Coregonus clupeaformis,Lake Whitefish,LKWH,LKWH,161941,TRUE,FALSE,Secure,Yes,,,,,,,,,,,,,,,,,,,,,,,,,1,,,,,,,,,
AFCHA01100,Fish,SALMONIFORMES,SALMONIDAE,Coregonus nigripinnis,Black Fin Cisco,BFCI,BFCI,623395,FALSE,FALSE,Secure,Yes,,,,,,,,,,,,,,,,,,,,,,,,,1,,,,,,,,,
AFCHA01140,Fish,SALMONIFORMES,SALMONIDAE,Coregonus zenithicus,Shortjaw Cisco,SHCS,SHCS,161948,FALSE,FALSE,May Be At Risk,Yes,,,,,,,,,,,,,,,,,,,,,,,,,1,,,,,,,,1,
AFCHA02040,Fish,SALMONIFORMES,SALMONIDAE,Oncorhynchus nerka,Kokanee,KOKA,KOKA,161979,FALSE,FALSE,Exotic/Alien NAmer,Yes,,,,,,,,,,,,,9,,,,,,,,,,,,1,,,,,,,,,
AFCHA02080,Fish,SALMONIFORMES,SALMONIDAE,Oncorhynchus clarki,Cutthroat Trout,CTTR,CTTR,161983,FALSE,FALSE,Secure,Yes,,,,,,,,,,,,,,,,,,,,,,,,,1,,,,,,,,,
AFCHA02090,Fish,SALMONIFORMES,SALMONIDAE,Oncorhynchus mykiss,Rainbow Trout,RNTR,RNTR,161989,TRUE,FALSE,Secure,Yes,,,,,,,,,,,,,,,,,,,,,,,,,1,,,,,,,,,
AFCHA0209A,Fish,SALMONIFORMES,SALMONIDAE,Oncorhynchus mykiss aguabonita,California Golden Trout,CGTR,CGTR,553419,FALSE,FALSE,Exotic/Alien NAmer,Yes,,,,,,,,,,,,,9,,,,,,,,,,,,1,,,,,,,,,
AFCHA03020,Fish,SALMONIFORMES,SALMONIDAE,Prosopium coulteri,Pygmy Whitefish,PGWH,PGWH,162011,FALSE,FALSE,May Be At Risk,Yes,,,,,,,,,,,,,,,,,,,,,,,,,1,,,,,,,,1,
AFCHA03030,Fish,SALMONIFORMES,SALMONIDAE,Prosopium cylindraceum,Round Whitefish,RNWH,RNWH,162008,FALSE,FALSE,Native Undetermined,Yes,,,,,,,,,,,,,,,,,,,,,,,,,1,,,,,,,,,
AFCHA03060,Fish,SALMONIFORMES,SALMONIDAE,Prosopium williamsoni,Mountain Whitefish,MNWH,MNWH,162009,TRUE,FALSE,Secure,Yes,,,,,,,,,,,,,,,,,,,,,,,,,1,,,,,,,,,
AFCHA04070,Fish,SALMONIFORMES,SALMONIDAE,Salmo trutta,Brown Trout,BNTR,BNTR,161997,TRUE,FALSE,Exotic/Alien NAmer,Yes,,,,,,,,,,,,,9,,,,,,,,,,,,1,,,,,,,,,
AFCHA05020,Fish,SALMONIFORMES,SALMONIDAE,Salvelinus confluentus,Bull Trout,BLTR,BLTR,162004,TRUE,FALSE,Sensitive,Yes,,,,,,,,,,,,,,,,,,,,,,,,,1,,,,,,,,1,
AFCHA05030,Fish,SALMONIFORMES,SALMONIDAE,Salvelinus fontinalis,Brook Trout,BKTR,BKTR,162003,TRUE,FALSE,Exotic/Alien NAmer,Yes,,,,,,,,,,,,,9,,,,,,,,,,,,1,,,,,,,,,
AFCHA05040,Fish,SALMONIFORMES,SALMONIDAE,Salvelinus malma,Dolly Varden,DLVR,DLVR,162000,FALSE,FALSE,Exotic/Alien NAmer,Yes,,,,,,,,,,,,,9,,,,,,,,,,,,1,,,,,,,,,
AFCHA05050,Fish,SALMONIFORMES,SALMONIDAE,Salvelinus namaycush,Lake Trout,LKTR,LKTR,162002,FALSE,FALSE,Sensitive,Yes,,,,,,,,,,,,,,,,,,,,,,,,,1,,,,,,,,1,
AFCHA07010,Fish,SALMONIFORMES,SALMONIDAE,Thymallus arcticus,Arctic Grayling,ARGR,ARGR,162016,TRUE,FALSE,Sensitive,Yes,,,,,,,,,,,,,,,,,,,,,,,,,1,,,,,,,,1,
AFCHD01020,Fish,SALMONIFORMES,ESOCIDAE,Esox lucius,Northern Pike,NRPK,NRPK,162139,TRUE,FALSE,Secure,Yes,,,,,,,,,,,,,,,,,,,,,,,,,1,,,,,,,,,
AFCJB04010,Fish,CYPRINIFORMES,CYPRINIDAE,Carassius auratus,Goldfish,GOFS,GOFS,163350,TRUE,FALSE,Exotic/Alien NA?,Yes,,,,,,,,,,,,,,,,,,,,,,,,,1,,,,,,,,,
AFCJB06010,Fish,CYPRINIFORMES,CYPRINIDAE,Couesius plumbeus,Lake Chub,LKCH,LKCH,163535,TRUE,FALSE,Secure,Yes,,,,,,,,,,,,,,,,,,,,,,,,,1,,,,,,,,,
AFCJB07010,Fish,CYPRINIFORMES,CYPRINIDAE,Ctenopharyngodon idella,Grass Carp,GSCA,GSCA,163537,TRUE,FALSE,Exotic/Alien NA?,Yes,,,,,,,,,,,,,,,,,,,,,,,,,1,,,,,,,,,
AFCJB16010,Fish,CYPRINIFORMES,CYPRINIDAE,Hybognathus argyritis,Western Silvery Minnow,WSMN,WSMN,163362,FALSE,FALSE,May Be At Risk,Yes,,,,,,,,,,,,,,,,,,,,,,,,,1,,,,,,,,1,
AFCJB16020,Fish,CYPRINIFORMES,CYPRINIDAE,Hybognathus hankinsoni,Brassy Minnow,BRMN,BRMN,163363,FALSE,FALSE,Native Undetermined,Yes,,,,,,,,,,,,,,,,,,,,,,,,,1,,,,,,,,,
AFCJB24010,Fish,CYPRINIFORMES,CYPRINIDAE,Mylocheilus caurinus,Peamouth Chub,PMCH,PMCH,163521,FALSE,FALSE,Exotic/Alien NA?,Yes,,,,,,,,,,,,,,,,,,,,,,,,,1,,,,,,,,,
AFCJB28120,Fish,CYPRINIFORMES,CYPRINIDAE,Notropis atherinoides,Emerald Shiner,EMSH,EMSH,163412,TRUE,FALSE,Secure,Yes,,,,,,,,,,,,,,,,,,,,,,,,,1,,,,,,,,,
AFCJB28190,Fish,CYPRINIFORMES,CYPRINIDAE,Notropis blennius,River Shiner,RVSH,RVSH,163429,TRUE,FALSE,Native Undetermined,Yes,,,,,,,,,,,,,,,,,,,,,,,,,1,,,,,,,,,
AFCJB28550,Fish,CYPRINIFORMES,CYPRINIDAE,Notropis hudsonius,Spottail Shiner,SPSH,SPSH,163404,TRUE,FALSE,Secure,Yes,,,,,,,,,,,,,,,,,,,,,,,,,1,,,,,,,,,
AFCJB31020,Fish,CYPRINIFORMES,CYPRINIDAE,Phoxinus eos,Northern Redbelly Dace,NRDC,NRDC,163592,FALSE,FALSE,Sensitive,Yes,,,,,,,,,,,,,,,,,,,,,,,,,1,,,,,,,,1,
AFCJB31040,Fish,CYPRINIFORMES,CYPRINIDAE,Phoxinus neogaeus,Finescale Dace,FNDC,FNDC,163594,FALSE,FALSE,Native Undetermined,Yes,,,,,,,,,,,,,,,,,,,,,,,,,1,,,,,,,,,
AFCJB32020,Fish,CYPRINIFORMES,CYPRINIDAE,Pimephales promelas,Fathead Minnow,FTMN,FTMN,163517,TRUE,FALSE,Secure,Yes,,,,,,,,,,,,,,,,,,,,,,,,,1,,,,,,,,,
AFCJB35030,Fish,CYPRINIFORMES,CYPRINIDAE,Ptychocheilus oregonensis,Northern Squawfish,NRSQ,NRSQ,163523,FALSE,FALSE,Sensitive,Yes,,,,,,,,,,,,,,,,,,,,,,,,,1,,,,,,,,1,
AFCJB37010,Fish,CYPRINIFORMES,CYPRINIDAE,Rhinichthys atratulus,Blacknose Dace,BLDA,BLDA,163382,FALSE,FALSE,Exotic/Alien NA?,Yes,,,,,,,,,,,,,,,,,,,,,,,,,1,,,,,,,,,
AFCJB37020,Fish,CYPRINIFORMES,CYPRINIDAE,Rhinichthys cataractae,Longnose Dace,LNDC,LNDC,163384,TRUE,FALSE,Secure,Yes,,,,,,,,,,,,,,,,,,,,,,,,,1,,,,,,,,,
AFCJB39010,Fish,CYPRINIFORMES,CYPRINIDAE,Richardsonius balteatus,Redside Shiner,RDSH,RDSH,163528,TRUE,FALSE,Secure,Yes,,,,,,,,,,,,,,,,,,,,,,,,,1,,,,,,,,,
AFCJB54010,Fish,CYPRINIFORMES,CYPRINIDAE,Margariscus margarita,Pearl Dace,PRDC,PRDC,163873,TRUE,FALSE,Native Undetermined,Yes,,,,,,,,,,,,,,,,,,,,,,,,,1,,,,,,,,,
AFCJB57010,Fish,CYPRINIFORMES,CYPRINIDAE,Platygobio gracilis,Flathead Chub,FLCH,FLCH,163882,TRUE,FALSE,Secure,Yes,,,,,,,,,,,,,,,,,,,,,,,,,1,,,,,,,,,
AFCJC01020,Fish,CYPRINIFORMES,CATOSTOMIDAE,Carpiodes cyprinus,Quillback,QUIL,QUIL,163917,TRUE,FALSE,Native Undetermined,Yes,,,,,,,,,,,,,,,,,,,,,,,,,1,,,,,,,,,
AFCJC02030,Fish,CYPRINIFORMES,CATOSTOMIDAE,Catostomus catostomus,Longnose Sucker,LNSC,LNSC,163894,TRUE,FALSE,Secure,Yes,,,,,,,,,,,,,,,,,,,,,,,,,1,,,,,,,,,
AFCJC02060,Fish,CYPRINIFORMES,CATOSTOMIDAE,Catostomus commersoni,White Sucker,WHSC,WHSC,163895,FALSE,FALSE,Secure,Yes,,,,,,,,,,,,,,,,,,,,,,,,,1,,,,,,,,,
AFCJC02130,Fish,CYPRINIFORMES,CATOSTOMIDAE,Catostomus macrocheilus,Largescale Sucker,LRSC,LRSC,163896,FALSE,FALSE,Sensitive,Yes,,,,,,,,,,,,,,,,,,,,,,,,,1,,,,,,,,1,
AFCJC02160,Fish,CYPRINIFORMES,CATOSTOMIDAE,Catostomus platyrhynchus,Mountain Sucker,MNSC,MNSC,163909,TRUE,FALSE,Secure,Yes,,,,,,,,,,,,,,,,,,,,,,,,,1,,,,,,,,,
AFCJC10010,Fish,CYPRINIFORMES,CATOSTOMIDAE,Moxostoma anisurum,Silver Redhorse,SLRD,SLRD,163933,FALSE,FALSE,Native Undetermined,Yes,,,,,,,,,,,,,,,,,,,,,,,,,1,,,,,,,,,
AFCJC10110,Fish,CYPRINIFORMES,CATOSTOMIDAE,Moxostoma macrolepidotum,Shorthead Redhorse,SHRD,SHRD,163928,TRUE,FALSE,Secure,Yes,,,,,,,,,,,,,,,,,,,,,,,,,1,,,,,,,,,
AFCKA02070,Fish,SILURIFORMES,ICTALURIDAE,Noturus flavus,Stonecat,STON,STON,164013,FALSE,FALSE,Native Undetermined,Yes,,,,,,,,,,,,,,,,,,,,,,,,,1,,,,,,,,,
AFCLC01010,Fish,PERCOPSIFORMES,PERCOPSIDAE,Percopsis omiscomaycus,Trout-perch,TRPR,TRPR,164409,TRUE,FALSE,Secure,Yes,,,,,,,,,,,,,,,,,,,,,,,,,1,,,,,,,,,
AFCMA01010,Fish,GADIFORMES,GADIDAE,Lota lota,Burbot,BURB,BURB,164725,TRUE,FALSE,Secure,Yes,,,,,,,,,,,,,,,,,,,,,,,,,1,,,,,,,,,
AFCNC02010,Fish,ATHERINIFORMES,POECILIIDAE,Gambusia affinis,Western Mosquitofish,WEMF,WEMF,165878,FALSE,FALSE,Exotic/Alien NA?,Yes,,,,,,,,,,,,,,,,,,,,,,,,,1,,,,,,,,,
AFCNC04020,Fish,CYPRINODONIFORMES,POECILIIDAE,Poecilia latipinna,Sailfin Molly,SLML,SLML,165898,FALSE,FALSE,Exotic/Alien NA?,Yes,,,,,,,,,,,,,,,,,,,,,,,,,1,,,,,,,,,
AFCPA02010,Fish,GASTEROSTEIFORMES,GASTEROSTEIDAE,Culaea inconstans,Brook Stickleback,BRST,BRST,166399,TRUE,FALSE,Secure,Yes,,,,,,,,,,,,,,,,,,,,,,,,,1,,,,,,,,,
AFCPA03010,Fish,GASTEROSTEIFORMES,GASTEROSTEIDAE,Gasterosteus aculeatus,Threespine Stickleback,THST,THST,166365,FALSE,FALSE,Exotic/Alien NA?,Yes,,,,,,,,,,,,,,,,,,,,,,,,,1,,,,,,,,,
AFCPA04010,Fish,GASTEROSTEIFORMES,GASTEROSTEIDAE,Pungitius pungitius,Ninespine Stickleback,NNST,NNST,166387,FALSE,FALSE,Native Undetermined,Yes,,,,,,,,,,,,,,,,,,,,,,,,,1,,,,,,,,,
AFCQB12020,Fish,PERCIFORMES,CENTRARCHIDAE,Micropterus dolomieu,Smallmouth Bass,SMBS,SMBS,550562,FALSE,FALSE,Exotic/Alien NAmer,Yes,,,,,,,,,,,,,9,,,,,,,,,,,,1,,,,,,,,,
AFCQC02240,Fish,PERCIFORMES,PERCIDAE,Etheostoma exile,Iowa Darter,IWDR,IWDR,168393,TRUE,FALSE,Secure,Yes,,,,,,,,,,,,,,,,,,,,,,,,,1,,,,,,,,,
AFCQC03010,Fish,PERCIFORMES,PERCIDAE,Perca flavescens,Yellow Perch,YLPR,YLPR,168469,TRUE,FALSE,Secure,Yes,,,,,,,,,,,,,,,,,,,,,,,,,1,,,,,,,,,
AFCQC04050,Fish,PERCIFORMES,PERCIDAE,Percina caprodes,Logperch,LGPR,LGPR,168472,FALSE,FALSE,Native Undetermined,Yes,,,,,,,,,,,,,,,,,,,,,,,,,1,,,,,,,,,
AFCQC05010,Fish,PERCIFORMES,PERCIDAE,Stizostedion canadense,Sauger,SAUG,SAUG,168509,FALSE,FALSE,Sensitive,Yes,,,,,,,,,,,,,,,,,,,,,,,,,1,,,,,,,,1,
AFCQC05020,Fish,PERCIFORMES,PERCIDAE,Stizostedion vitreum,Walleye,WALL,WALL,168506,FALSE,FALSE,Secure,Yes,,,,,,,,,,,,,,,,,,,,,,,,,1,,,,,,,,,
AFCQJ02030,Fish,PERCIFORMES,CICHLIDAE,Cichlosoma nigrofasciatum,Convict Cichlid,COCI,COCI,648207,FALSE,FALSE,Exotic/Alien NA?,Yes,,,,,,,,,,,,,,,,,,,,,,,,,1,,,,,,,,,
AFCQJ03010,Fish,PERCIFORMES,CICHLIDAE,Hemichromis bimaculatus,African Jewelfish,AFJW,AFJW,169806,FALSE,FALSE,Exotic/Alien EurAsia,Yes,,,,,,,,,,,,,1,,,,,,,,,,,,1,,,,,,,,,
AMABA01010,Mammal,INSECTIVORA,SORICIDAE,Sorex cinereus,Masked Shrew,MASH,MASH,179929,FALSE,FALSE,Secure,Yes,1,1,1,1,1,9,1,,,,,,,,,,,,,,,,,,1,,,,,,,,,
AMABA01070,Mammal,INSECTIVORA,SORICIDAE,Sorex vagrans,Wandering Shrew,WDSH,WDSH,179932,FALSE,FALSE,May be at Risk,Yes,,,1,,,,,,,,1,,,,,,,,,,1,,,,1,,1,,,,,,1,1
AMABA01080,Mammal,INSECTIVORA,SORICIDAE,Sorex monticolus,Dusky Shrew,DUSH,DUSH,179950,FALSE,FALSE,Secure,Yes,1,1,1,1,1,1,,,,,,1,,,,,,,,,,,,,1,,,,,,,,,1
AMABA01150,Mammal,INSECTIVORA,SORICIDAE,Sorex palustris,Water Shrew,WTSH,WTSH,179933,TRUE,FALSE,Secure,Yes,1,1,1,1,1,9,,,,,1,,,,,,,,,,1,,,,1,,1,,,,,,,
AMABA01190,Mammal,INSECTIVORA,SORICIDAE,Sorex arcticus,Arctic Shrew,ARSH,ARSH,179935,FALSE,FALSE,Secure,Yes,1,1,,1,1,,,,,,,1,,,,,,,,,,,,,1,,,,,,,,,1
AMABA01250,Mammal,INSECTIVORA,SORICIDAE,Sorex hoyi,Pygmy Shrew,PYSH,PYSH,179946,FALSE,FALSE,Secure,Yes,1,1,1,1,1,9,1,,,,,,,,,,,,,,,,,,1,,,,,,,,,
AMABA01280,Mammal,INSECTIVORA,SORICIDAE,Sorex haydeni,Prairie Shrew,PRSH,PRSH,179945,FALSE,FALSE,Secure,Yes,,9,,,1,1,,1,,,,,,,,,,,,,,,,,1,,,,,,,,,
AMACC01010,Mammal,CHIROPTERA,VESPERTILIONIDAE,Myotis lucifugus,Little Brown Bat,LBBA,LBBA,179988,FALSE,FALSE,Secure,Yes,1,1,1,1,1,1,,,,,,1,,,,,,,1,,,,,1,,,,1,,,,,,
AMACC01070,Mammal,CHIROPTERA,VESPERTILIONIDAE,Myotis evotis,Long-eared Bat,LEBA,LEBA,179995,FALSE,FALSE,Secure,Yes,,9,1,1,9,1,,,,,,,,,,,,,,,,,,1,,1,,,,,,,,
AMACC01110,Mammal,CHIROPTERA,VESPERTILIONIDAE,Myotis volans,Long-legged Bat,LLBA,LLBA,179990,FALSE,FALSE,Native Undetermined,Yes,,,1,9,,1,,,,,,,,,,,,,,,,,,1,,1,,,,,,,,
AMACC01140,Mammal,CHIROPTERA,VESPERTILIONIDAE,Myotis ciliolabrum,Western Small-footed Bat,WSFB,WSFB,179994,FALSE,FALSE,Sensitive,Yes,,,,,9,1,,,,,,,,,,,,,,,,,,1,,1,,,,,,,1,
AMACC01150,Mammal,CHIROPTERA,VESPERTILIONIDAE,Myotis septentrionalis,Northern Long-eared Bat,NLEB,NLEB,180000,FALSE,FALSE,May be at Risk,Yes,1,1,1,1,9,,1,,,,,,,1,,,,,1,,,,,1,,,,,,,,,1,
AMACC02010,Mammal,CHIROPTERA,VESPERTILIONIDAE,Lasionycteris noctivagans,Silver-haired Bat,SHBA,SHBA,180014,FALSE,FALSE,Secure,Yes,,1,1,1,1,1,1,,,,,,,1,,,,,1,,,,,1,,,,1,,,,,,
AMACC04010,Mammal,CHIROPTERA,VESPERTILIONIDAE,Eptesicus fuscus,Big Brown Bat,BBBA,BBBA,180008,FALSE,FALSE,Secure,Yes,9,1,1,1,1,1,1,,,,,,,1,,,,,1,,,,,1,,,,,,,,,,
AMACC05010,Mammal,CHIROPTERA,VESPERTILIONIDAE,Lasiurus borealis,Red Bat,REBA,REBA,180016,FALSE,FALSE,Accidental/Vagrant NAmer,No,,,,,,,,,,,,,,,,,,,,,,,,,,,,,,,,,,
AMACC05030,Mammal,CHIROPTERA,VESPERTILIONIDAE,Lasiurus cinereus,Hoary Bat,HOBA,HOBA,180017,FALSE,FALSE,Secure,Yes,1,1,1,1,1,1,1,,,,,,,1,,,,,1,,,,,1,,,,,,,,,,
AMAEA01020,Mammal,LAGOMORPHA,OCHOTONIDAE,Ochotona princeps,Pika,PIKA,PIKA,180109,FALSE,FALSE,Secure,Yes,,,1,,,,,,1,,,,,,,,,,,,,,,,1,,,,,,,,,
AMAEB01060,Mammal,LAGOMORPHA,LEPORIDAE,Sylvilagus nuttallii,Nuttall's Cottontail,NUCO,NUCO,180126,TRUE,TRUE,Secure,Yes,,,,,9,1,,1,,,,,,,,,,,,,,,,,1,,,,,,,1,,
AMAEB03010,Mammal,LAGOMORPHA,LEPORIDAE,Lepus americanus,Snowshoe Hare,SNHA,SNHA,180112,TRUE,TRUE,Secure,Yes,1,1,1,1,1,9,1,,,,,,,,,,1,,1,,,,,,1,,,,1,,,1,,
AMAEB03040,Mammal,LAGOMORPHA,LEPORIDAE,Lepus townsendii,White-tailed Jack Rabbit,WTJR,WTJR,180118,TRUE,FALSE,Secure,Yes,,9,,,1,1,,1,,,,,,,,,,,,,,,,,1,,,,,,,1,,
AMAFB02020,Mammal,RODENTIA,SCIURIDAE,Tamias minimus,Least Chipmunk,LECH,LECH,180195,TRUE,FALSE,Secure,Yes,1,1,1,1,1,9,,,,,,1,,,,,,,,,,,,,1,,,1,,,,,,1
AMAFB02030,Mammal,RODENTIA,SCIURIDAE,Tamias amoenus,Yellow-pine Chipmunk,YPCH,YPCH,180190,FALSE,FALSE,Secure,Yes,,,1,,,,1,,,,,,,,,,,,1,,,,,,1,,,,,,,,,
AMAFB02130,Mammal,RODENTIA,SCIURIDAE,Tamias ruficaudus,Red-tailed Chipmunk,RTCH,RTCH,180202,FALSE,FALSE,Sensitive,Yes,,,1,,,,1,,,,,,,,,,,,1,,,,,,1,,,,,,,,1,
AMAFB03010,Mammal,RODENTIA,SCIURIDAE,Marmota monax,Woodchuck,WOOD,WOOD,180137,TRUE,FALSE,Secure,Yes,1,1,,1,1,,,,,,,1,,,,,,,,,,,,,1,,,1,,1,,,,
AMAFB03020,Mammal,RODENTIA,SCIURIDAE,Marmota flaviventris,Yellow-bellied Marmot,YBMA,YBMA,180140,FALSE,FALSE,Secure,Yes,,,9,,,9,,,,,,,,,,,,,,,,,,,1,1,,,,1,,,,
AMAFB03040,Mammal,RODENTIA,SCIURIDAE,Marmota caligata,Hoary Marmot,HOMA,HOMA,180139,FALSE,FALSE,Secure,Yes,,,1,,,,,,1,,,,,,,,,,,,,,,,1,,,,,,,,,
AMAFB05040,Mammal,RODENTIA,SCIURIDAE,Spermophilus richardsonii,Richardson's Ground Squirrel,RGSQ,RGSQ,180157,TRUE,FALSE,Secure,Yes,,1,,9,1,1,,1,,,,,,,,,,,,,,,,,1,,,,,1,,,,1
AMAFB05070,Mammal,RODENTIA,SCIURIDAE,Spermophilus columbianus,Columbian Ground Squirrel,CGSQ,CGSQ,180151,FALSE,FALSE,Secure,Yes,,,1,,,,,,,,,1,,,,,,,,,,,,,1,,,,,1,,,,1
AMAFB05090,Mammal,RODENTIA,SCIURIDAE,Spermophilus tridecemlineatus,Thirteen-lined Ground Squirrel,TLGS,TLGS,180162,TRUE,FALSE,Native Undetermined,Yes,,1,,9,1,1,,,,,,1,,,,,,,1,,,,,,1,,,1,,,,,,
AMAFB05120,Mammal,RODENTIA,SCIURIDAE,Spermophilus franklinii,Franklin's Ground Squirrel,FGSQ,FGSQ,180153,TRUE,FALSE,Native Undetermined,Yes,,1,,9,1,,,,,,,1,,,,,,,1,,,,,,1,,,1,1,,,,,
AMAFB05170,Mammal,RODENTIA,SCIURIDAE,Spermophilus lateralis,Golden-mantled Ground Squirrel,GMGS,GMGS,180154,FALSE,FALSE,Secure,Yes,,,1,,,,,,,,,1,,,,,,,1,,,,,,1,,,,,,,,,1
AMAFB07010,Mammal,RODENTIA,SCIURIDAE,Sciurus carolinensis,Gray Squirrel,GRSQ,GRSQ,180175,FALSE,FALSE,Exotic/Alien NAmer,Yes,,,,,,,,,,,,,9,1,,,,,,1,,,,,1,,,1,,,,1,,
AMAFB08010,Mammal,RODENTIA,SCIURIDAE,Tamiasciurus hudsonicus,Red Squirrel,RESQ,RESQ,180166,TRUE,TRUE,Secure,Yes,1,1,1,1,1,,1,,,,,,,1,,,,,,1,,,,,1,,,,,1,,1,,
AMAFB09020,Mammal,RODENTIA,SCIURIDAE,Glaucomys sabrinus,Northern Flying Squirrel,NFSQ,NFSQ,180169,FALSE,FALSE,Secure,Yes,1,1,1,1,1,,1,,,,,,,1,,,,,,1,,,,,1,,,,,,,,,
AMAFC01040,Mammal,RODENTIA,GEOMYIDAE,Thomomys talpoides,Northern Pocket Gopher,NPGO,NPGO,180228,TRUE,FALSE,Secure,Yes,,9,,,1,1,,1,,,,,,,,,,,,,,,,,1,,,1,,1,,,,
AMAFD01010,Mammal,RODENTIA,HETEROMYIDAE,Perognathus fasciatus,Olive-backed Pocket Mouse,OBPM,OBPM,180260,FALSE,FALSE,Sensitive,Yes,,,,,,1,,1,,,,,,,,,,,,,,,,,1,,,,,,,,1,
AMAFD03010,Mammal,RODENTIA,HETEROMYIDAE,Dipodomys ordii,Ord's Kangaroo Rat,OKRA,OKRA,180244,FALSE,FALSE,May be at Risk,Yes,,,,,,9,,1,,,,,,,,,,,,,,,,,1,,,,,,,,1,
AMAFE01010,Mammal,RODENTIA,CASTORIDAE,Castor canadensis,Beaver,BEAV,BEAV,180212,TRUE,TRUE,Secure,Yes,1,1,1,1,1,9,,,,,1,,,,,,,,,,1,,,,1,,1,,,1,,1,,
AMAFF02030,Mammal,RODENTIA,MURIDAE,Reithrodontomys megalotis,Western Harvest Mouse,WHMO,WHMO,180343,FALSE,FALSE,Native Undetermined,Yes,,,,,,1,,1,,,,,,,,,,,,,,,,,1,,,,,,,,,
AMAFF03040,Mammal,RODENTIA,MURIDAE,Peromyscus maniculatus,Deer Mouse,DEMO,DEMO,180276,TRUE,FALSE,Secure,Yes,1,1,1,1,1,1,,,,,,1,,,,,,,,,,,,,1,,,,1,,,,,
AMAFF03070,Mammal,RODENTIA,MURIDAE,Peromyscus leucopus,White-footed Mouse,WFMO,WFMO,180278,FALSE,FALSE,N Edge of Range Undetirmined,Yes,,,,,,9,,1,,,,,,,,,,,,,,,,,1,,,,,,,,,
AMAFF06010,Mammal,RODENTIA,MURIDAE,Onychomys leucogaster,Northern Grasshopper Mouse,NGMO,NGMO,180382,FALSE,FALSE,Secure,Yes,,,,,9,1,,1,,,,,,,,,,,,,,,,,1,,,,,,,,,
AMAFF08090,Mammal,RODENTIA,MURIDAE,Neotoma cinerea,Bushy-tailed Woodrat,BTWO,BTWO,180371,FALSE,FALSE,Secure,Yes,,,1,9,9,9,,,,,,,,,,,,,,,,,,,1,1,,,,1,,,,
AMAFF09020,Mammal,RODENTIA,MURIDAE,Clethrionomys gapperi,Southern Red-backed Vole,SRBV,SRBV,180294,TRUE,FALSE,Secure,Yes,1,1,1,1,1,9,1,,,,,,,,,,,,,,,,,,1,,,,1,,,,,
AMAFF10010,Mammal,RODENTIA,MURIDAE,Phenacomys intermedius,Heather Vole,HEVO,HEVO,180359,FALSE,FALSE,Secure,Yes,1,1,1,1,9,,,,,,,1,,,,,,,,,,,,,1,,,,,,,,,1
AMAFF11010,Mammal,RODENTIA,MURIDAE,Microtus pennsylvanicus,Meadow Vole,MEVO,MEVO,180297,TRUE,FALSE,Secure,Yes,1,1,1,1,1,1,,1,,,,,,,,,,,,,,,,,1,,,,1,,,,,
AMAFF11060,Mammal,RODENTIA,MURIDAE,Microtus longicaudus,Long-tailed Vole,LTVO,LTVO,180299,FALSE,FALSE,Secure,Yes,,9,1,1,,9,,,,,,1,,,,,,,,,,,,,1,,,,,,,,,
AMAFF11100,Mammal,RODENTIA,MURIDAE,Microtus xanthognathus,Taiga (Yellow-cheeked) Vole,TAVO,TAVO,180301,FALSE,FALSE,Native Undetermined,Yes,1,1,9,9,,,1,,,,,,,,,,,,,,,,,,1,,,,,,,,,1
AMAFF11140,Mammal,RODENTIA,MURIDAE,Microtus ochrogaster,Prairie Vole,PRVO,PRVO,180312,FALSE,FALSE,Native Undetermined,Yes,,,,,9,9,,1,,,,,,,,,,,,,,,,,1,,,,1,,,,,
AMAFF11190,Mammal,RODENTIA,MURIDAE,Microtus richardsoni,Water Vole,WAVO,WAVO,180315,FALSE,FALSE,Sensitive,Yes,,,1,,,,,,1,,,,,,,,,,,,,,,,1,,1,,1,,,,1,1
AMAFF13010,Mammal,RODENTIA,MURIDAE,Lagurus curtatus,Sagebrush Vole,SAVO,SAVO,180355,FALSE,FALSE,Secure,Yes,,,,,,1,,1,,,,,,,,,,,,,,,,,1,,,,1,,,,,
AMAFF15010,Mammal,RODENTIA,MURIDAE,Ondatra zibethicus,Muskrat,MUSK,MUSK,180318,TRUE,TRUE,Secure,Yes,1,1,1,1,1,1,,,,,1,,,,,,,,,,1,,,,1,,1,,1,,,1,,
AMAFF16010,Mammal,RODENTIA,MURIDAE,Lemmus sibiricus,Brown Lemming,BRLE,BRLE,180320,FALSE,FALSE,Native Undetermined,Yes,,,1,,,,,,,1,,,,,,,,,,,,,,,1,,1,,1,,,,,
AMAFF17020,Mammal,RODENTIA,MURIDAE,Synaptomys borealis,Northern Bog Lemming,NBLE,NBLE,180323,TRUE,FALSE,Secure,Yes,1,1,1,1,9,,,,,1,,,,,,,,,,,,,,,1,,1,,,,,,,1
AMAFF21010,Mammal,RODENTIA,MURIDAE,Rattus rattus,Black Rat,BLRA,BLRA,180362,FALSE,FALSE,Exotic/Alien EurAsia,Yes,,,,,,,,,,,,,1,,,,,,,,,,,,1,,,1,,,,,,
AMAFF21020,Mammal,RODENTIA,MURIDAE,Rattus norvegicus,Norway Rat,NORA,NORA,180363,FALSE,FALSE,Exotic/Alien EurAsia,Yes,,,,,,,,,,,,,1,,,,,,,,,,,,1,,,1,,,,,,
AMAFF22010,Mammal,RODENTIA,MURIDAE,Mus musculus,House Mouse,HOMO,HOMO,180366,FALSE,FALSE,Exotic/Alien EurAsia,Yes,,,,,,,,,,,,,1,,,,,,,,,,,,1,,,1,,,,,,
AMAFH01010,Mammal,RODENTIA,DIPODIDAE,Zapus hudsonius,Meadow Jumping Mouse,MJMO,MJMO,180386,FALSE,FALSE,Secure,Yes,1,1,,1,9,,,,,,1,,,,,,,,1,,1,,,,1,,1,,,,,,,1
AMAFH01020,Mammal,RODENTIA,DIPODIDAE,Zapus princeps,Western Jumping Mouse,WJMO,WJMO,180387,TRUE,FALSE,Secure,Yes,,9,1,1,1,1,,,,,1,,,,,,,,1,,1,,,,1,,,,,,,,,
AMAFJ01010,Mammal,RODENTIA,ERETHIZONTIDAE,Erethizon dorsatum,Porcupine,PORC,PORC,180393,TRUE,TRUE,Secure,Yes,9,1,9,1,1,1,1,,,,,,,,,,1,,,,,,,,1,,,,,,,,,
AMAJA01010,Mammal,CARNIVORA,CANIDAE,Canis latrans,Coyote,COYO,COYO,180599,TRUE,TRUE,Secure,Yes,9,9,9,9,1,1,,,,,,1,,,,,,,1,,,,,,1,,,1,1,,1,1,,
AMAJA01030,Mammal,CARNIVORA,CANIDAE,Canis lupus,Gray Wolf,GRWO,GRWO,180596,TRUE,TRUE,Secure,Yes,1,1,1,1,9,9,,,,,,1,,,,,,,,,,,,,1,,,,,,1,1,,
AMAJH01031,Mammal,CARNIVORA,CANIDAE,Canis familiaris,Domestic Dog,DODO,DODO,726821,FALSE,TRUE,Exotic/Alien EurAsia,Yes,,,,,,,,,,,,,1,,,,,,,,,,,,1,,,1,,,1,,,
AMAJA02010,Mammal,CARNIVORA,CANIDAE,Alopex lagopus,Arctic Fox,ARFO,ARFO,622025,FALSE,TRUE,Accidental/Vagrant NAmer,No,,,,,,,,,,,,,,,,,,,,,,,,,,,,,,,,,,
AMAJA03010,Mammal,CARNIVORA,CANIDAE,Vulpes vulpes,Red Fox,REFO,REFO,180604,TRUE,TRUE,Secure,Yes,1,1,1,1,1,1,,,,,,1,,,,,,,1,,,,,,1,,,,,,1,1,,
AMAJA03030,Mammal,CARNIVORA,CANIDAE,Vulpes velox,Swift Fox,SWFO,SWFO,180607,FALSE,FALSE,At Risk,Yes,,,,,,1,,1,,,,,,,,,,,,,,,,,1,,,,,,1,,1,
AMAJA04010,Mammal,CARNIVORA,CANIDAE,Urocyon cinereoargenteus,Gray Fox,GRFO,GRFO,180609,FALSE,FALSE,Accidental/Vagrant NAmer,No,,,,,,,,,,,,,,,,,,,,,,,,,,,,,,,,,,
AMAJB01010,Mammal,CARNIVORA,URSIDAE,Ursus americanus,Black Bear,BLBE,BLBE,180544,TRUE,FALSE,Secure,Yes,1,1,1,1,1,9,,,,,,1,,,,,,,,,,,,,1,,,1,,,,1,,
AMAJB01020,Mammal,CARNIVORA,URSIDAE,Ursus arctos,Grizzly Bear,GRBE,GRBE,180543,FALSE,FALSE,May be at Risk,Yes,1,1,1,1,1,1,,,,,,1,,,,,,,,,,,,,1,,,,,,,1,1,
AMAJE02010,Mammal,CARNIVORA,PROCYONIDAE,Procyon lotor,Raccoon,RACC,RACC,180575,TRUE,TRUE,Secure,Yes,,9,9,9,1,1,1,,,,,,,,,,,,,1,,,,,1,,,1,,,,1,,
AMAJF01010,Mammal,CARNIVORA,MUSTELIDAE,Martes americana,Marten,MART,MART,180559,TRUE,TRUE,Secure,Yes,1,1,1,1,,,1,,,,,,,1,,,,,,1,,,,,1,,,,1,,1,1,,
AMAJF01020,Mammal,CARNIVORA,MUSTELIDAE,Martes pennanti,Fisher,FISH,FISH,180560,TRUE,TRUE,Sensitive,Yes,1,1,1,1,,,1,,,,,,,1,,,,,,1,,,,,1,,,,1,,1,1,1,
AMAJF02010,Mammal,CARNIVORA,MUSTELIDAE,Mustela erminea,Ermine,ERMI,ERMI,180555,TRUE,FALSE,Secure,Yes,1,1,1,1,1,9,,,,,,1,,,,,,,,,,,,,1,,,,1,,1,1,,
AMAJF02020,Mammal,CARNIVORA,MUSTELIDAE,Mustela nivalis,Least Weasel,LEWE,LEWE,180554,FALSE,FALSE,Secure,Yes,1,1,1,1,1,1,,,,,,1,,,,,,,,,,,,,1,,,,,,1,1,,
AMAJF02030,Mammal,CARNIVORA,MUSTELIDAE,Mustela frenata,Long-tailed Weasel,LTWE,LTWE,180556,TRUE,FALSE,May be at Risk,Yes,,9,1,1,1,1,,,,,,1,,,,,,,,,,,,,1,,,,1,,1,1,1,
AMAJF02040,Mammal,CARNIVORA,MUSTELIDAE,Mustela nigripes,Black-footed Ferret,BFFE,BFFE,180557,FALSE,FALSE,Extirpated/Extinct Breeding,Yes,,,,,,1,,1,,,,,,,,,,,,,,,,,1,,,,,,1,,1,
AMAJF02050,Mammal,CARNIVORA,MUSTELIDAE,Mustela vison,Mink,MINK,MINK,726284,FALSE,TRUE,Secure,Yes,1,1,1,1,1,1,,,,,1,,,,,,,,,,1,,,,1,,1,,,,1,1,,
AMAJF03010,Mammal,CARNIVORA,MUSTELIDAE,Gulo gulo,Wolverine,WOLV,WOLV,180551,TRUE,TRUE,May be at Risk,Yes,1,1,1,1,1,1,,,,,,1,,,,,,,,,,,,,1,,,,,,1,1,1,
AMAJF04010,Mammal,CARNIVORA,MUSTELIDAE,Taxidea taxus,Badger,BADG,BADG,180565,TRUE,TRUE,Sensitive,Yes,,9,9,9,1,1,,1,,,,,,,,,,,,,,,,,1,,,,,,1,1,1,
AMAJF06010,Mammal,CARNIVORA,MEPHITIDAE,Mephitis mephitis,Striped Skunk,STSK,STSK,180562,TRUE,TRUE,Secure,Yes,1,1,1,1,1,1,,,,,,1,,,,,,,,,,,,,1,,,1,,,,1,,
AMAJF10010,Mammal,CARNIVORA,MUSTELIDAE,Lutra canadensis,River Otter,RIOT,RIOT,180549,FALSE,TRUE,Secure,Yes,1,1,1,1,1,1,,,,,1,,,,,,,,,,,1,,,1,,,,,,1,1,,
AMAJH01070,Mammal,CARNIVORA,FELIDAE,Felis catus,Domestic Cat,DOCA,DOCA,183798,TRUE,FALSE,Exotic/Alien EurAsia,Yes,,,,,,,,,,,,,1,,,,,,,,,,,,1,,,1,,,1,,,
AMAJH03010,Mammal,CARNIVORA,FELIDAE,Lynx canadensis,Canada Lynx,CALY,CALY,180585,TRUE,TRUE,Sensitive,Yes,1,1,1,1,1,9,1,,,,,,,1,,,,,,,,,,,1,,,,1,,1,1,1,
AMAJH03020,Mammal,CARNIVORA,FELIDAE,Lynx rufus,Bobcat,BOBC,BOBC,180582,FALSE,TRUE,Sensitive,Yes,,,1,,,1,,,,,,1,,,,,,,,,,,,,1,,,1,,,1,1,1,
AMAJH04010,Mammal,CARNIVORA,FELIDAE,Felis concolor,Cougar,COUG,COUG,552479,FALSE,TRUE,Sensitive,Yes,,1,1,1,1,1,1,,,,,,,,,,,,,,,,,,1,,,,,,1,1,1,
AMATA01010,Mammal,PERISSODACTYLA,EQUIDAE,Equus caballus,Domestic Hourse,DHOR,DHOR,180691,TRUE,FALSE,Exotic/Alien EurAsia,Yes,,,,,,,,,,,,,1,,,,,,,,,,,,1,,,,,,,,,
AMALA01010,Mammal,ARTIODACTYLA,SUIDAE,Sus scrofa,Wild Boar/Feral Hog,WIBO,WIBO,180722,FALSE,FALSE,Exotic/Alien EurAsia,Yes,,,,,,,,,,,,,1,,,,,,,,,,,,1,,,1,,,,1,,
AMALC01010,Mammal,ARTIODACTYLA,CERVIDAE,Cervus elaphus,Wapiti,WAPT,WAPT,180695,TRUE,TRUE,Secure,Yes,1,1,1,1,1,9,,,,,,1,,,,,,,1,,,,,,1,,,,,,,1,,
AMALC02010,Mammal,ARTIODACTYLA,CERVIDAE,Odocoileus hemionus,Mule Deer,MUDE,MUDE,180698,TRUE,FALSE,Secure,Yes,1,1,1,1,1,1,1,,,,,,,,,,,,1,,,,,,1,,,,,,,1,,1
AMALC02020,Mammal,ARTIODACTYLA,CERVIDAE,Odocoileus virginianus,White-tailed Deer,WTDE,WTDE,180699,TRUE,TRUE,Secure,Yes,,1,1,1,1,1,,,,,,1,,,,,,,1,,,,,,1,,,1,,,,1,,
AMALC03010,Mammal,ARTIODACTYLA,CERVIDAE,Alces alces,Moose,MOOS,MOOS,180703,TRUE,TRUE,Secure,Yes,1,1,1,1,9,9,1,,,,,,,,,,1,,1,,,,,,1,,1,1,,,,1,,
AMALC04010,Mammal,ARTIODACTYLA,CERVIDAE,Rangifer tarandus,Caribou,CARI,CARI,180701,TRUE,TRUE,At Risk,Yes,1,1,1,1,,,,,,1,,,,,,,,,1,,,,,,1,,,,,,,1,1,
AMALD01010,Mammal,ARTIODACTYLA,ANTILOCAPRIDAE,Antilocapra americana,Pronghorn,PRON,PRON,180717,TRUE,TRUE,Sensitive,Yes,,,,,1,1,,1,,,,,,,,,,,,,,,,,1,,,,,,,1,1,
AMALE01010,Mammal,ARTIODACTYLA,BOVIDAE,Bos bison,American Bison,BISO,BISO,203618,TRUE,TRUE,At Risk,Yes,1,1,1,1,1,1,,,,,,1,,,,,,,,,,,,,1,,,,,,,,1,1
AMALE01015,Mammal,ARTIODACTYLA,BOVIDAE,Bos taurus,Domestic Cow,DOCO,DOCO,183838,TRUE,FALSE,Exotic/Alien EurAsia,Yes,,,,,,,,,,,,,1,,,,,,,,,,,,1,,,1,,,,,,
AMALE02010,Mammal,ARTIODACTYLA,BOVIDAE,Oreamnos americanus,Mountain Goat,MOGO,MOGO,180713,FALSE,TRUE,Secure,Yes,,,1,,,,,,1,,,,,,,,,,,,,,,,1,,,,,,,1,,
AMALE02015,Mammal,ARTIODACTYLA,BOVIDAE,Capra hircus,Domestic Goat,DOGO,DOGO,180715,FALSE,FALSE,Exotic/Alien EurAsia,Yes,,,,,,,,,,,,,1,,,,,,,,,,,,1,,,1,,,,,,
AMALE04010,Mammal,ARTIODACTYLA,BOVIDAE,Ovis canadensis,Bighorn Sheep,BISH,BISH,180711,FALSE,TRUE,Secure,Yes,,,1,,,,,,,,,1,,,,,,,,,,,,,1,,,,,,,1,,
AMALE04015,Mammal,ARTIODACTYLA,BOVIDAE,Ovis aries,Domestic Sheep,DOSH,DOSH,552475,TRUE,FALSE,Exotic/Alien EurAsia,Yes,,,,,,,,,,,,,1,,,,,,,,,,,,1,,,1,,,,,,
ARAAB01010,Reptile,TESTUDINES,CHELYDRIDAE,Chelydra serpentina,Snapping Turtle,SNTU,SNTU,173752,FALSE,FALSE,N Edge of Range Undetirmined,Yes,,,,,,9,,,,,1,,,,,,,,,,1,,,,1,,1,,,,,,,
ARAAD01010,Reptile,TESTUDINES,EMYDIDAE,Chrysemys picta,Western Painted Turtle,WPTU,WPTU,173783,FALSE,FALSE,Sensitive,Yes,,,,,,9,,,,,1,,,,,,,,,,1,,,,1,,1,,,,,,1,
ARACF12080,Reptile,SQUAMATA,PHRYNOSOMATIDAE,Phrynosoma hernandesi,Eastern Short-horned Lizard,ESHL,ESHL,564594,FALSE,FALSE,May Be At Risk,Yes,,,,,,1,,1,,,,,,,,,,,,,,,,,1,,,,,,,,1,
ARADA01010,Reptile,SQUAMATA,BOIDAE,Charina bottae,Rubber Boa,RUBO,RUBO,174326,FALSE,FALSE,N Edge of Range Undetirmined,Yes,,,9,,,,,,,,,1,,,,,,,,,,,,,1,,,,,,1,,,
ARADB07010,Reptile,SQUAMATA,COLUBRIDAE,Coluber constrictor,Racer,RACE,RACE,174169,FALSE,FALSE,N Edge of Range Undetirmined,Yes,,,,,,9,,,1,,,,,,,,,,,,,,,,1,,,,,,,,,
ARADB17010,Reptile,SQUAMATA,COLUBRIDAE,Heterodon nasicus,Western Hognose Snake,WHSN,WHSN,174155,FALSE,FALSE,May Be At Risk,Yes,,,,,,1,,1,,,,,,,,,,,,,,,,,1,,,,,,1,,1,
ARADB26020,Reptile,SQUAMATA,COLUBRIDAE,Pituophis catenifer,Bullsnake,BULL,BULL,209400,FALSE,FALSE,Sensitive,Yes,,,,,,1,,1,,,,,,,,,,,,,,,,,1,,,,,,1,,1,
ARADB36050,Reptile,SQUAMATA,COLUBRIDAE,Thamnophis elegans,Wandering Garter Snake,WGSN,WGSN,174142,TRUE,FALSE,Sensitive,Yes,,9,9,,9,1,,,,,1,,,,,,,,,,1,,,,1,,1,,,,1,,1,1
ARADB36100,Reptile,SQUAMATA,COLUBRIDAE,Thamnophis radix,Western Plains Gartersnake,WPGS,WPGS,174147,TRUE,FALSE,Secure,Yes,,9,9,,1,1,,,,,1,,,,,,,,,,1,,,,1,,1,,,,1,,,
ARADB36130,Reptile,SQUAMATA,COLUBRIDAE,Thamnophis sirtalis,Red-sided Garter Snake,RSGS,RSGS,174136,TRUE,FALSE,Sensitive,Yes,9,9,9,9,1,9,,,,,,1,,,,,,,,,,,,,1,,,,,,1,,1,
ARADE02120,Reptile,SQUAMATA,VIPERIDAE,Crotalus viridis,Prairie Rattlesnake,PRRA,PRRA,174319,TRUE,FALSE,May Be At Risk,Yes,,,,,,1,,1,,,,,,,,,,,,,,,,,1,,,,,,1,,1,1
